id,type,a,b,c,d,e
0,axial,1,2,0,-1,-
1,axial,2,3,7,3,2
2,smd,3832,-,-,-,-
3,axial,5,1,0,3,2
4,axial,4,3,-1,-2,-
5,axial,7,5,0,1,2
6,axial,8,1,9,4,2
7,smd,2210,-,-,-,-
8,smd,3091,-,-,-,-
9,smd,3091,-,-,-,-
10,axial,1,1,-2,-1,-
11,axial,7,5,0,3,1
12,axial,4,7,-1,-1,-
13,axial,3,3,0,2,2
14,smd,4910,-,-,-,-
15,smd,1740,-,-,-,-
16,smd,88R7,-,-,-,-
17,axial,4,8,8,-2,2
18,axial,2,4,0,-1,-
19,axial,1,5,4,-1,-
20,axial,4,4,-2,-2,-
21,smd,913,-,-,-,-
22,axial,2,7,2,-1,-
23,axial,5,1,0,1,1
24,axial,1,6,9,2,1
25,axial,5,6,0,4,1
26,smd,3601,-,-,-,-
27,axial,1,5,5,-1,-
28,axial,1,2,1,1,2
29,axial,2,7,0,1,1
30,axial,8,2,4,-1,-
31,smd,5R1,-,-,-,-
32,axial,5,6,3,-2,-
33,axial,3,5,7,2,1
34,axial,6,8,0,0,2
35,smd,395,-,-,-,-
36,smd,164,-,-,-,-
37,axial,1,1,1,-1,-
38,axial,3,6,2,-2,-
39,axial,2,3,7,3,2
40,smd,3320,-,-,-,-
41,smd,360,-,-,-,-
42,axial,5,4,4,-2,1
43,smd,8194,-,-,-,-
44,axial,1,6,9,3,1
45,axial,5,9,0,3,1
46,axial,1,0,0,4,2
47,smd,245,-,-,-,-
48,axial,4,7,2,-2,-
49,axial,1,8,3,-1,-
50,axial,1,1,-2,-2,-
51,smd,1R3,-,-,-,-
52,axial,3,9,9,-2,1
53,smd,2703,-,-,-,-
54,axial,1,6,9,2,1
55,axial,0,1,1,-2,2
56,axial,1,1,0,3,1
57,smd,915,-,-,-,-
58,axial,6,8,1,-1,-
59,axial,4,4,2,2,2
60,axial,1,8,-1,-1,-
61,axial,3,6,-1,-1,-
62,axial,7,8,7,1,2
63,axial,8,2,2,-2,-
64,axial,8,2,0,2,1
65,axial,2,0,0,4,2
66,axial,8,8,8,4,4
67,axial,4,2,2,0,1
68,smd,3920,-,-,-,-
69,axial,2,7,-1,8,-
70,axial,8,2,0,3,8
71,axial,5,5,-2,-2,-
72,smd,7R15,-,-,-,-
73,axial,3,6,5,2,2
74,smd,7872,-,-,-,-
75,axial,3,0,1,4,1
76,axial,6,0,4,1,2
77,axial,1,5,8,0,2
78,axial,1,0,-1,-2,-
79,axial,4,7,-1,-2,-
80,axial,4,3,0,-2,-
81,axial,8,3,3,-2,-1
82,axial,2,2,-2,-1,-
83,axial,8,2,4,8,-
84,axial,6,1,8,8,-
85,axial,3,6,0,0,1
86,smd,2R4,-,-,-,-
87,axial,6,1,9,0,2
88,axial,4,7,-1,-1,-
89,axial,2,3,7,2,1
90,axial,1,2,4,-1,2
91,smd,625,-,-,-,-
92,axial,8,4,3,2,8
93,axial,5,3,6,4,1
94,smd,4R42,-,-,-,-
95,axial,8,4,2,5,1
96,axial,3,3,-1,-2,-
97,smd,1020,-,-,-,-
98,smd,1014,-,-,-,-
99,axial,6,8,3,-2,-
100,axial,1,1,-2,1,-
101,axial,2,2,-2,-1,-
102,axial,3,8,3,3,1
103,smd,622,-,-,-,-
104,axial,0,6,8,1,-1
105,smd,3603,-,-,-,-
106,axial,1,2,7,0,1
107,axial,0,4,9,1,1
108,axial,4,9,1,-1,2
109,smd,620,-,-,-,-
110,axial,1,1,4,1,-
111,axial,5,5,-2,8,-
112,axial,1,6,6,-2,2
113,smd,435,-,-,-,-
114,axial,6,2,2,9,-
115,axial,4,7,5,1,2
116,axial,1,0,0,4,1
117,axial,1,2,4,-1,-
118,axial,1,6,2,1,1
119,axial,5,7,5,2,2
120,axial,1,8,2,3,2
121,axial,2,2,-2,-1,-
122,smd,125,-,-,-,-
123,axial,3,3,-1,-1,-
124,axial,8,0,6,3,2
125,smd,1R37,-,-,-,-
126,axial,3,8,3,-1,2
127,axial,4,2,2,3,2
128,axial,2,9,4,-1,2
129,axial,2,6,1,-1,2
130,axial,2,6,6,-2,1
131,axial,2,6,1,0,1
132,axial,3,9,3,-2,-
133,axial,5,1,1,-2,-
134,axial,8,4,5,4,2
135,smd,3403,-,-,-,-
136,axial,1,0,2,-2,-
137,smd,163,-,-,-,-
138,axial,4,7,-1,9,-
139,axial,1,3,3,3,2
140,axial,2,7,5,-1,-
141,smd,R36,-,-,-,-
142,axial,1,1,3,-2,-
143,axial,2,2,1,1,2
144,axial,3,4,8,3,2
145,axial,3,6,4,-2,-
146,axial,3,3,4,-2,-
147,axial,6,3,4,4,1
148,axial,1,6,5,-1,-
149,axial,1,1,1,1,1
150,axial,6,2,0,2,2
151,axial,2,8,8,-2,2
152,axial,4,7,3,-1,-
153,axial,2,7,3,9,-
154,axial,7,8,8,-2,2
155,axial,9,7,6,0,1
156,axial,3,1,2,2,-
157,axial,1,6,-1,1,-
158,axial,3,4,0,3,2
159,axial,2,7,4,-2,-
160,axial,4,4,-2,9,-
161,axial,3,8,3,1,1
162,axial,1,4,0,4,2
163,axial,2,2,-1,4,-
164,axial,8,2,5,0,1
165,axial,2,2,6,4,2
166,axial,9,3,1,3,2
167,axial,3,0,1,2,2
168,axial,1,1,0,1,-
169,axial,6,2,5,-1,-
170,axial,1,9,1,9,-
171,axial,2,4,-1,-1,-
172,axial,3,8,3,3,2
173,axial,3,6,4,-1,-
174,axial,1,1,-2,-1,-
175,axial,5,5,-2,-1,-
176,smd,8451,-,-,-,-
177,axial,1,8,2,2,2
178,axial,3,9,4,0,-
179,axial,5,6,-1,-2,-
180,axial,3,5,7,2,2
181,smd,131,-,-,-,-
182,smd,1782,-,-,-,-
183,axial,2,2,0,4,1
184,axial,5,6,0,4,2
185,axial,1,1,3,4,2
186,smd,4914,-,-,-,-
187,axial,2,2,1,9,1
188,axial,1,5,3,-1,-
189,axial,1,0,8,1,-
190,axial,4,7,5,-1,-
191,smd,6R49,-,-,-,-
192,axial,1,1,-2,-2,-
193,axial,1,5,0,0,-
194,axial,7,5,1,-1,-
195,axial,3,9,9,-2,1
196,axial,5,6,2,0,1
197,axial,9,1,0,-1,-
198,axial,1,8,2,0,1
199,axial,2,8,7,1,2
200,axial,7,0,4,2,1
201,axial,1,2,5,-1,-
202,axial,5,4,4,-2,1
203,axial,8,2,3,9,-
204,axial,2,6,1,4,1
205,axial,1,9,1,0,2
206,axial,0,5,5,-2,2
207,axial,2,3,2,3,2
208,smd,4321,-,-,-,-
209,axial,2,2,2,-1,-
210,smd,110,-,-,-,-
211,axial,8,2,8,8,1
212,axial,4,8,7,4,2
213,axial,2,7,4,0,1
214,smd,1R07,-,-,-,-
215,axial,0,8,2,1,-1
216,axial,6,8,0,2,2
217,axial,6,8,1,2,2
218,axial,7,5,3,-2,-
219,axial,2,3,-1,-,-
220,axial,8,8,2,-1,-1
221,axial,1,8,7,1,2
222,axial,6,8,-1,-2,-
223,axial,5,9,9,-2,2
224,axial,4,7,5,4,1
225,axial,0,4,-1,-,-
226,axial,1,9,1,3,2
227,axial,2,1,1,-2,1
228,smd,395,-,-,-,-
229,axial,8,0,6,-1,2
230,axial,9,5,9,4,2
231,axial,9,1,8,4,-2
232,axial,1,1,3,4,2
233,axial,1,1,-2,-2,-
234,axial,5,6,4,-1,8
235,axial,8,1,6,2,-2
236,axial,2,6,1,0,2
237,smd,332,-,-,-,-
238,axial,4,0,0,-2,1
239,axial,7,5,0,-1,1
240,axial,2,4,0,3,1
241,axial,8,4,5,4,2
242,axial,9,1,0,3,1
243,axial,8,1,1,1,-2
244,axial,8,2,4,-1,-
245,smd,1912,-,-,-,-
246,axial,5,1,0,2,1
247,axial,1,3,0,2,1
248,axial,1,0,5,-2,8
249,axial,8,2,3,-1,-
250,axial,1,5,3,-2,-
251,axial,1,0,-1,-,-
252,axial,2,2,3,-1,-
253,axial,6,8,2,4,-
254,axial,2,4,-1,-1,-
255,axial,1,0,3,-2,-
256,smd,180,-,-,-,-
257,axial,4,7,0,2,1
258,axial,2,4,0,0,1
259,smd,240,-,-,-,-
260,axial,5,1,1,2,2
261,axial,3,9,-1,-1,-
262,axial,1,2,4,3,2
263,axial,2,1,0,-1,2
264,axial,2,0,5,0,1
265,axial,2,4,0,1,1
266,axial,2,4,3,-1,-
267,axial,9,1,3,-1,-
268,axial,6,8,8,-2,2
269,axial,2,8,7,-1,3
270,axial,2,9,4,4,2
271,smd,161,-,-,-,-
272,axial,8,7,5,4,-1
273,axial,1,1,3,-2,-
274,axial,1,5,5,-2,1
275,axial,8,2,0,-1,-
276,axial,1,7,4,3,3
277,axial,1,8,3,-1,-
278,axial,2,4,3,-1,-
279,axial,3,9,4,9,-
280,axial,2,9,4,3,2
281,axial,4,7,5,8,-
282,axial,3,9,0,3,2
283,axial,2,6,1,2,1
284,axial,4,3,3,-1,-
285,smd,2R10,-,-,-,-
286,smd,2403,-,-,-,-
287,axial,8,1,5,9,-
288,axial,3,9,2,-1,2
289,axial,1,4,0,2,1
290,axial,3,9,4,9,-
291,smd,1331,-,-,-,-
292,axial,1,6,2,8,-
293,smd,821,-,-,-,-
294,axial,1,4,7,4,1
295,axial,2,0,0,-2,-
296,smd,304,-,-,-,-
297,axial,1,0,0,-2,2
298,axial,8,2,4,-2,-
299,smd,515,-,-,-,-
300,axial,6,8,2,-1,-
301,axial,3,0,2,-1,-
302,axial,1,8,-1,-1,-
303,axial,4,3,1,-2,8
304,smd,1R02,-,-,-,-
305,axial,2,2,-2,-1,-
306,smd,1691,-,-,-,-
307,axial,1,7,4,3,2
308,axial,9,3,1,-1,2
309,axial,3,0,5,4,-
310,axial,3,9,-1,-1,-
311,axial,1,1,3,1,2
312,axial,0,8,8,-,-
313,smd,512,-,-,-,-
314,axial,8,1,2,5,-1
315,axial,1,6,4,-2,-
316,axial,1,9,1,2,1
317,axial,3,6,5,4,2
318,smd,475,-,-,-,-
319,axial,1,6,3,-2,-
320,axial,3,6,5,4,2
321,axial,1,2,5,-1,-
322,axial,1,6,0,2,2
323,axial,3,1,6,1,2
324,axial,1,0,1,8,-
325,axial,1,1,5,7,4
326,smd,5104,-,-,-,-
327,axial,3,8,3,2,1
328,axial,8,2,7,3,-2
329,axial,8,2,4,-1,-
330,axial,2,7,-1,-2,-
331,axial,6,3,4,3,1
332,axial,2,1,5,-1,1
333,axial,0,0,0,0,-
334,smd,6800,-,-,-,-
335,axial,1,0,7,-1,2
336,axial,1,2,3,-2,-
337,axial,7,1,9,1,1
338,axial,1,5,3,-1,-
339,smd,1R33,-,-,-,-
340,axial,1,7,3,4,1
341,smd,180,-,-,-,-
342,axial,3,9,4,-2,-
343,axial,6,2,0,-1,-
344,axial,1,3,2,-1,-
345,smd,3R65,-,-,-,-
346,axial,4,4,2,3,1
347,axial,6,6,5,4,2
348,axial,1,2,0,0,2
349,axial,3,0,1,-1,-
350,smd,360,-,-,-,-
351,axial,2,8,0,-1,1
352,axial,2,2,0,1,1
353,axial,1,9,8,8,1
354,smd,2430,-,-,-,-
355,smd,2102,-,-,-,-
356,axial,6,6,5,2,1
357,axial,1,2,2,-2,1
358,axial,5,1,4,-1,-
359,axial,8,1,6,0,8
360,smd,475,-,-,-,-
361,axial,2,6,1,4,1
362,smd,1602,-,-,-,-
363,axial,5,6,2,-1,-
364,axial,2,2,0,-1,1
365,smd,1870,-,-,-,-
366,axial,1,2,4,4,-
367,axial,1,8,2,2,2
368,axial,1,1,1,-2,2
369,axial,1,2,1,-1,-
370,axial,4,7,0,-1,-
371,axial,3,0,3,8,-
372,axial,4,3,2,-2,-
373,axial,2,1,0,0,1
374,axial,5,1,3,-1,-
375,axial,3,0,9,1,1
376,smd,202,-,-,-,-
377,axial,3,4,4,-2,1
378,axial,3,8,3,2,1
379,axial,1,2,0,4,2
380,axial,9,1,-1,4,-
381,axial,6,8,1,-2,-
382,axial,4,4,2,2,2
383,axial,2,7,-1,-2,-
384,axial,3,3,5,-1,-
385,axial,5,3,-1,-,-
386,smd,223,-,-,-,-
387,smd,2000,-,-,-,-
388,smd,1541,-,-,-,-
389,axial,6,9,8,3,1
390,axial,7,5,-1,-1,-
391,axial,4,5,3,4,1
392,axial,2,7,3,-1,-
393,axial,8,4,7,-1,8
394,smd,6R2,-,-,-,-
395,axial,4,4,2,1,2
396,smd,5R6,-,-,-,-
397,axial,2,3,2,0,1
398,axial,2,0,-1,8,-
399,axial,1,0,4,-1,-
400,axial,2,9,4,-1,3
401,axial,4,4,8,-1,-2
402,axial,2,2,-2,-1,-
403,axial,1,6,5,0,2
404,smd,201,-,-,-,-
405,axial,1,8,1,-1,-
406,axial,3,6,0,4,1
407,axial,8,3,3,3,0
408,axial,1,8,2,3,2
409,axial,1,6,2,4,2
410,axial,4,3,2,3,1
411,smd,620,-,-,-,-
412,axial,5,1,0,4,1
413,smd,R22,-,-,-,-
414,axial,1,0,0,-1,2
415,axial,1,1,0,-1,-
416,smd,1823,-,-,-,-
417,axial,3,6,-1,-2,-
418,axial,6,4,9,2,1
419,axial,3,3,0,3,2
420,axial,3,0,2,-1,-
421,axial,5,1,1,-2,2
422,axial,3,0,5,-1,-
423,smd,4R3,-,-,-,-
424,axial,6,8,1,-2,8
425,smd,1133,-,-,-,-
426,axial,9,3,1,1,1
427,smd,22R6,-,-,-,-
428,axial,3,0,3,-2,-
429,axial,7,5,2,0,-
430,axial,4,3,0,-2,-
431,axial,8,2,3,-2,-
432,axial,6,8,3,-2,-
433,axial,2,2,5,-2,-
434,smd,1424,-,-,-,-
435,axial,1,3,1,-1,-
436,smd,161,-,-,-,-
437,axial,3,6,5,0,2
438,axial,3,6,4,-2,-
439,smd,R33,-,-,-,-
440,axial,4,3,4,-2,-
441,axial,3,6,1,-2,-
442,smd,1873,-,-,-,-
443,axial,1,1,5,1,1
444,smd,2554,-,-,-,-
445,axial,3,4,0,-1,1
446,axial,3,7,7,-2,2
447,axial,2,7,0,1,2
448,axial,5,5,-2,-2,-
449,axial,2,0,-1,-2,-
450,axial,4,7,-1,-1,-
451,smd,1001,-,-,-,-
452,axial,2,2,3,-1,-
453,smd,200,-,-,-,-
454,axial,6,8,4,-2,-
455,axial,1,0,1,8,-
456,axial,2,8,7,1,2
457,axial,8,1,6,3,1
458,smd,435,-,-,-,-
459,axial,5,6,0,4,1
460,axial,1,1,8,-1,8
461,axial,8,2,0,1,2
462,axial,7,5,0,4,1
463,axial,1,8,0,-1,-
464,axial,8,1,3,-2,-
465,smd,393,-,-,-,-
466,axial,3,7,4,-1,2
467,axial,7,2,3,1,-
468,smd,3R3,-,-,-,-
469,axial,1,5,4,8,8
470,smd,34R8,-,-,-,-
471,smd,3R09,-,-,-,-
472,axial,5,1,-1,-2,-
473,axial,5,6,0,-1,8
474,axial,3,3,0,-1,-
475,axial,1,1,0,8,-
476,axial,1,1,-2,-2,-
477,axial,1,6,3,-1,-
478,axial,3,7,4,3,1
479,axial,2,6,7,0,1
480,axial,3,3,-2,-1,-
481,axial,1,2,3,-2,-
482,smd,911,-,-,-,-
483,axial,1,1,0,4,1
484,axial,3,3,4,-1,-
485,axial,2,3,7,-1,1
486,axial,3,6,2,-2,-
487,smd,9R1,-,-,-,-
488,axial,2,7,3,-1,-
489,smd,8R06,-,-,-,-
490,smd,182,-,-,-,-
491,axial,4,3,0,4,2
492,smd,R68,-,-,-,-
493,axial,1,1,-2,-2,-
494,axial,6,9,8,2,2
495,axial,1,4,7,0,1
496,axial,1,0,0,-2,1
497,axial,0,3,3,9,2
498,smd,9762,-,-,-,-
499,smd,121,-,-,-,-
500,axial,0,2,2,-2,1
501,axial,4,5,3,2,1
502,axial,1,0,4,-2,-
503,smd,2R4,-,-,-,-
504,axial,1,2,4,0,1
505,axial,2,4,5,-2,-
506,axial,8,2,0,4,-2
507,smd,245,-,-,-,-
508,axial,5,7,7,-2,2
509,axial,5,1,3,9,-
510,axial,6,5,2,4,-
511,smd,5R1,-,-,-,-
512,smd,132,-,-,-,-
513,axial,2,2,1,2,2
514,axial,3,6,4,-2,-
515,axial,1,0,2,-2,-
516,axial,1,6,4,-2,-
517,axial,1,3,7,2,2
518,axial,1,6,5,8,-
519,axial,1,3,5,-2,-
520,axial,8,2,4,0,-1
521,axial,2,2,4,4,-
522,axial,1,1,0,2,2
523,smd,332,-,-,-,-
524,smd,101,-,-,-,-
525,axial,6,2,0,4,1
526,axial,0,7,7,-2,1
527,axial,2,2,-1,-2,-
528,axial,1,1,1,-2,1
529,axial,2,2,-2,9,-
530,axial,7,8,7,0,1
531,smd,1R1,-,-,-,-
532,axial,6,6,-2,-2,-
533,axial,6,2,1,-2,-
534,smd,1R0,-,-,-,-
535,axial,8,2,4,-2,-
536,axial,2,8,9,-,-
537,axial,3,6,6,-2,2
538,axial,2,2,-1,-2,-
539,axial,3,3,2,1,1
540,axial,5,6,0,2,1
541,axial,7,5,-1,-1,-
542,axial,3,0,0,2,1
543,axial,2,2,5,4,-
544,axial,4,3,2,4,1
545,smd,160,-,-,-,-
546,smd,131,-,-,-,-
547,axial,2,2,1,-1,-
548,axial,1,2,-1,-2,-
549,smd,621,-,-,-,-
550,axial,8,4,9,1,1
551,smd,1374,-,-,-,-
552,axial,3,4,0,3,1
553,smd,R15,-,-,-,-
554,axial,1,1,-2,9,-
555,smd,3R0,-,-,-,-
556,axial,2,0,0,2,2
557,axial,0,1,1,-2,1
558,axial,2,9,4,1,2
559,axial,1,7,8,0,2
560,axial,2,8,0,4,1
561,axial,1,1,-1,-2,-
562,axial,4,7,3,-1,-
563,axial,0,2,2,-2,2
564,smd,5113,-,-,-,-
565,axial,2,8,6,2,1
566,axial,3,3,2,4,-
567,axial,6,2,0,8,-
568,axial,3,9,2,3,2
569,axial,1,0,5,-1,2
570,axial,1,5,0,-1,-
571,axial,3,6,0,2,1
572,smd,8452,-,-,-,-
573,axial,7,5,3,-1,-
574,axial,6,3,4,3,2
575,smd,6R2,-,-,-,-
576,axial,1,7,3,1,2
577,axial,2,8,7,4,1
578,axial,5,7,6,0,1
579,axial,6,8,1,0,2
580,axial,1,5,8,3,2
581,axial,1,1,1,-1,-
582,axial,3,7,4,1,3
583,smd,1202,-,-,-,-
584,axial,6,8,0,3,2
585,smd,6803,-,-,-,-
586,axial,2,4,0,4,-2
587,axial,4,7,0,-2,-
588,axial,1,6,9,1,1
589,axial,1,1,5,2,1
590,axial,5,6,1,-2,-
591,axial,1,8,2,0,2
592,axial,4,7,0,2,1
593,axial,8,2,2,-2,-1
594,smd,434,-,-,-,-
595,axial,5,4,9,1,1
596,smd,1R2,-,-,-,-
597,smd,9763,-,-,-,-
598,axial,6,8,1,2,1
599,axial,1,6,-1,-2,-
600,axial,1,8,0,4,1
601,axial,6,2,1,-1,-
602,smd,R16,-,-,-,-
603,smd,205,-,-,-,-
604,axial,6,2,3,-2,-
605,smd,435,-,-,-,-
606,axial,8,4,5,3,2
607,smd,R33,-,-,-,-
608,axial,2,1,5,1,1
609,smd,39R,-,-,-,-
610,axial,2,7,5,8,-
611,axial,2,2,0,-1,1
612,smd,1540,-,-,-,-
613,axial,2,6,7,3,2
614,axial,7,8,7,3,2
615,axial,8,1,3,1,-2
616,axial,1,0,0,-1,1
617,axial,1,8,0,1,1
618,axial,3,6,2,-2,-
619,axial,6,2,4,-1,-
620,axial,1,1,4,-,-
621,axial,2,4,0,-2,-
622,axial,1,0,3,-2,-
623,smd,204,-,-,-,-
624,axial,1,5,0,4,2
625,smd,11R5,-,-,-,-
626,axial,3,3,-2,-1,-
627,axial,4,5,3,2,1
628,smd,R22,-,-,-,-
629,axial,1,9,6,4,1
630,axial,1,0,0,-1,2
631,axial,4,3,0,-1,2
632,axial,1,1,6,0,8
633,axial,3,0,2,-2,-
634,smd,334,-,-,-,-
635,smd,9760,-,-,-,-
636,axial,1,1,2,-1,-
637,smd,44R2,-,-,-,-
638,axial,3,3,5,-1,-
639,axial,1,1,0,4,1
640,axial,7,3,2,-1,2
641,axial,3,7,4,-1,1
642,axial,4,3,3,4,-
643,axial,3,1,6,-1,2
644,axial,9,1,3,-1,-
645,axial,3,0,0,4,2
646,axial,5,6,2,-2,-
647,axial,7,5,3,-2,-
648,axial,1,5,2,1,-
649,axial,1,9,-1,-1,-
650,smd,473,-,-,-,-
651,axial,8,2,4,-1,-
652,smd,45R3,-,-,-,-
653,smd,393,-,-,-,-
654,axial,1,1,0,2,2
655,smd,3321,-,-,-,-
656,axial,9,0,9,3,1
657,smd,6R2,-,-,-,-
658,axial,3,1,6,0,1
659,smd,5R1,-,-,-,-
660,axial,3,6,6,-2,2
661,axial,3,3,-2,-2,-
662,axial,6,1,9,0,1
663,smd,2323,-,-,-,-
664,axial,8,9,0,3,3
665,axial,1,2,-1,-2,-
666,axial,6,2,3,-2,-
667,axial,2,8,7,-1,2
668,smd,2214,-,-,-,-
669,axial,6,2,1,1,-
670,smd,621,-,-,-,-
671,axial,2,1,5,1,2
672,smd,5360,-,-,-,-
673,axial,1,7,8,2,2
674,axial,4,2,2,4,1
675,axial,1,2,7,3,1
676,axial,3,8,8,-2,2
677,axial,1,1,1,-2,-
678,axial,2,8,0,1,1
679,axial,1,6,5,2,1
680,smd,1430,-,-,-,-
681,axial,1,2,2,-2,-
682,axial,6,4,9,-1,1
683,axial,3,9,0,1,2
684,axial,2,7,4,-1,-
685,axial,1,1,-2,-2,-
686,axial,1,0,5,4,-
687,smd,564,-,-,-,-
688,axial,4,4,2,-1,2
689,axial,4,3,0,-1,-
690,axial,2,4,0,-2,-
691,axial,1,2,4,4,-
692,axial,3,6,5,1,2
693,axial,1,2,7,2,2
694,axial,5,3,6,2,2
695,axial,2,8,7,4,1
696,axial,3,3,2,0,1
697,smd,5232,-,-,-,-
698,axial,7,1,5,0,1
699,axial,1,1,-2,-2,-
700,axial,2,7,-1,-2,-
701,axial,1,6,2,4,2
702,axial,4,1,2,-1,2
703,axial,5,6,1,-2,-
704,smd,1370,-,-,-,-
705,axial,4,3,0,-2,-
706,axial,1,5,1,8,-
707,axial,0,0,8,1,-
708,axial,5,8,0,0,2
709,axial,6,8,-1,-2,-
710,smd,561,-,-,-,-
711,smd,2102,-,-,-,-
712,axial,3,7,4,1,2
713,axial,3,9,1,-1,-
714,axial,7,5,1,-2,-
715,axial,2,3,3,-2,1
716,smd,271,-,-,-,-
717,axial,4,0,2,3,2
718,smd,1543,-,-,-,-
719,axial,2,4,4,8,8
720,axial,2,0,-1,-1,-
721,axial,1,1,8,2,1
722,axial,4,7,4,8,-
723,smd,185,-,-,-,-
724,axial,1,5,8,0,2
725,axial,2,4,4,-1,-
726,axial,6,6,-2,-2,-
727,axial,1,3,3,-1,-
728,axial,1,8,2,-1,1
729,axial,1,2,2,-2,2
730,axial,1,3,-1,-1,-
731,axial,3,2,4,4,1
732,axial,8,4,7,2,-2
733,axial,2,7,5,-2,-
734,smd,2R7,-,-,-,-
735,axial,9,1,4,-2,-
736,smd,5621,-,-,-,-
737,axial,1,6,4,-1,-
738,axial,9,5,9,1,2
739,axial,1,9,5,-2,-
740,axial,6,2,-1,8,-
741,axial,1,0,4,-2,-
742,axial,8,6,6,3,2
743,smd,915,-,-,-,-
744,axial,2,2,3,-2,-
745,axial,2,7,3,-2,-
746,smd,155,-,-,-,-
747,axial,1,2,2,-2,2
748,smd,R30,-,-,-,-
749,axial,6,2,1,-1,-
750,axial,1,1,-2,-1,-
751,axial,8,2,0,0,2
752,smd,3001,-,-,-,-
753,axial,1,9,1,2,1
754,smd,151,-,-,-,-
755,axial,3,9,4,-2,-
756,smd,6192,-,-,-,-
757,smd,301,-,-,-,-
758,axial,1,4,2,2,1
759,axial,2,1,0,1,1
760,smd,4R02,-,-,-,-
761,smd,1583,-,-,-,-
762,axial,9,1,2,-1,-
763,axial,2,7,4,8,-
764,axial,8,2,3,1,-
765,smd,681,-,-,-,-
766,smd,754,-,-,-,-
767,smd,514,-,-,-,-
768,axial,2,7,0,1,2
769,axial,3,6,2,-2,-
770,axial,6,1,9,1,1
771,axial,1,1,8,1,2
772,axial,1,8,7,0,1
773,axial,8,1,2,2,-2
774,axial,1,2,0,4,-
775,axial,5,6,5,-2,-
776,axial,1,6,3,-2,-
777,axial,5,4,9,1,2
778,smd,7680,-,-,-,-
779,smd,565,-,-,-,-
780,axial,1,8,3,-2,-
781,smd,165,-,-,-,-
782,axial,5,6,0,-1,2
783,axial,2,7,2,-2,-
784,axial,1,5,-1,-2,-
785,axial,1,6,6,-2,2
786,axial,1,6,5,-1,-
787,axial,0,4,4,5,1
788,axial,1,1,5,9,-
789,axial,1,8,7,0,2
790,axial,7,5,2,9,-
791,axial,3,0,9,2,2
792,axial,2,4,9,2,2
793,axial,6,1,9,-1,1
794,axial,4,9,1,4,1
795,axial,5,1,-1,4,-
796,axial,8,8,7,3,2
797,smd,8R06,-,-,-,-
798,axial,6,6,-2,4,-
799,axial,5,7,6,0,2
800,axial,1,1,3,-2,-
801,axial,3,3,-2,-1,-
802,axial,6,2,2,-2,1
803,axial,6,8,1,-2,-
804,axial,3,3,-2,-1,-
805,axial,8,4,5,-1,1
806,axial,2,7,-1,-2,-
807,axial,1,0,0,2,2
808,axial,1,0,4,-1,-
809,axial,3,0,1,-1,-
810,axial,8,0,5,1,-
811,axial,1,2,7,3,2
812,axial,9,3,3,9,2
813,axial,2,2,2,-2,1
814,axial,1,0,2,3,2
815,axial,5,4,9,-1,1
816,axial,2,3,2,2,2
817,smd,1542,-,-,-,-
818,axial,1,3,0,8,-
819,axial,8,9,1,1,-1
820,smd,0606,-,-,-,-
821,axial,7,1,5,-1,2
822,axial,1,8,1,-2,-
823,axial,1,8,1,-2,-
824,axial,1,4,0,0,1
825,axial,1,5,5,-1,-
826,axial,6,8,0,1,1
827,axial,4,7,3,-1,-
828,axial,8,2,0,3,1
829,axial,2,7,5,-2,-
830,axial,1,5,4,-1,-
831,axial,3,3,4,-1,-
832,smd,621,-,-,-,-
833,smd,R13,-,-,-,-
834,axial,1,3,3,-2,1
835,smd,8454,-,-,-,-
836,axial,1,4,3,0,1
837,axial,6,8,8,-2,1
838,axial,7,1,5,-1,2
839,axial,3,0,1,3,2
840,axial,1,6,5,4,-
841,axial,5,1,0,4,1
842,axial,2,0,-1,-1,-
843,axial,1,1,5,4,1
844,axial,2,2,-2,-2,-
845,axial,2,2,0,2,2
846,axial,4,3,1,-2,-
847,axial,1,2,1,1,2
848,axial,1,1,7,4,3
849,smd,393,-,-,-,-
850,axial,2,2,4,-1,-
851,axial,1,0,9,0,2
852,axial,3,8,3,2,2
853,axial,6,8,0,-2,-
854,axial,3,6,3,-2,-
855,axial,1,8,4,-1,8
856,axial,2,9,4,-1,3
857,axial,3,3,0,0,2
858,axial,3,0,0,3,1
859,axial,6,2,1,-2,-
860,axial,1,2,2,-1,-
861,axial,6,6,-2,-1,-
862,axial,4,4,2,2,2
863,axial,1,5,0,-2,-
864,axial,1,1,-1,-2,-
865,axial,1,0,2,8,-
866,axial,3,0,0,4,1
867,axial,2,0,5,1,1
868,axial,4,7,5,2,2
869,axial,3,4,0,2,1
870,axial,1,5,-1,-2,-
871,smd,30R0,-,-,-,-
872,axial,7,5,4,-2,-
873,smd,395,-,-,-,-
874,axial,4,0,2,3,2
875,axial,4,7,2,-1,-
876,axial,6,8,5,-1,-
877,axial,2,3,3,-2,1
878,axial,1,2,7,-2,1
879,axial,3,6,0,1,2
880,axial,5,1,4,-2,-
881,axial,1,5,4,1,1
882,axial,1,0,7,2,2
883,axial,5,1,0,-2,-
884,smd,220,-,-,-,-
885,axial,3,9,2,2,1
886,axial,1,0,4,-1,-
887,axial,1,9,6,4,2
888,axial,5,7,6,-1,2
889,smd,R11,-,-,-,-
890,axial,1,1,-2,-1,-
891,axial,4,0,0,-2,2
892,axial,3,6,0,4,1
893,axial,4,0,2,3,1
894,smd,2944,-,-,-,-
895,smd,185,-,-,-,-
896,smd,560,-,-,-,-
897,axial,4,4,2,4,2
898,smd,5493,-,-,-,-
899,axial,3,0,9,1,1
900,axial,7,1,5,4,2
901,axial,5,1,0,-1,-
902,axial,1,2,2,-1,-
903,axial,3,6,-1,-1,-
904,axial,6,1,9,0,1
905,axial,2,4,-1,-1,-
906,axial,3,1,1,-2,2
907,axial,2,3,9,-,-
908,axial,8,1,2,1,-1
909,axial,0,3,3,-2,2
910,axial,1,6,3,8,-
911,axial,1,0,0,2,2
912,axial,2,2,-1,-1,-
913,axial,3,9,5,-1,-
914,axial,6,8,8,-2,1
915,axial,6,8,2,-1,-
916,axial,1,2,4,0,2
917,smd,3903,-,-,-,-
918,axial,1,6,2,1,2
919,axial,8,6,6,0,1
920,axial,2,4,5,-2,-
921,axial,5,1,1,1,2
922,axial,2,4,4,-2,-
923,axial,8,2,5,4,2
924,smd,333,-,-,-,-
925,smd,4023,-,-,-,-
926,axial,7,8,7,4,2
927,smd,512,-,-,-,-
928,smd,1422,-,-,-,-
929,axial,9,5,9,1,2
930,axial,6,8,8,-2,2
931,axial,2,8,0,1,1
932,axial,1,6,5,4,2
933,axial,2,1,1,-2,1
934,axial,1,5,4,2,2
935,smd,R16,-,-,-,-
936,smd,2260,-,-,-,-
937,axial,4,0,2,1,1
938,axial,4,7,3,-2,-
939,axial,7,1,9,-1,2
940,axial,2,1,5,-1,1
941,axial,6,6,5,1,1
942,axial,1,2,4,-2,-
943,axial,1,3,0,-1,-
944,axial,3,9,2,0,2
945,axial,1,3,3,-2,3
946,axial,1,8,3,4,-
947,axial,1,2,3,-1,-
948,axial,3,3,-2,-2,-
949,axial,1,9,6,4,1
950,axial,1,3,-1,-,-
951,axial,8,5,6,4,-2
952,axial,3,3,2,-1,2
953,axial,3,3,5,-1,-
954,axial,8,8,2,6,5
955,axial,8,1,1,2,4
956,axial,0,0,8,-1,-
957,smd,271,-,-,-,-
958,smd,3902,-,-,-,-
959,axial,5,4,9,3,1
960,axial,4,3,3,4,-
961,axial,2,7,7,-2,2
962,axial,4,7,0,9,-
963,axial,9,7,5,5,-1
964,smd,824,-,-,-,-
965,axial,1,3,7,4,2
966,axial,8,8,7,4,1
967,axial,1,2,2,-2,1
968,smd,7R68,-,-,-,-
969,axial,5,1,5,-2,-
970,axial,4,7,3,-1,-
971,axial,1,5,3,-2,-
972,smd,3921,-,-,-,-
973,axial,2,2,0,-1,-
974,axial,1,4,7,1,1
975,axial,2,5,5,-2,2
976,axial,2,0,4,1,-
977,axial,0,5,5,-2,2
978,axial,1,3,0,3,2
979,axial,1,8,8,-2,1
980,axial,4,0,2,1,1
981,axial,1,1,1,-1,-
982,smd,2373,-,-,-,-
983,axial,2,2,0,0,1
984,axial,1,1,0,3,1
985,axial,2,7,4,0,1
986,axial,3,2,4,8,-
987,smd,1R10,-,-,-,-
988,axial,4,3,5,4,-
989,axial,2,3,3,-2,1
990,axial,3,8,8,-2,2
991,axial,1,4,7,-1,1
992,axial,1,0,5,4,2
993,axial,1,2,4,-2,-
994,axial,1,3,0,1,2
995,axial,1,2,-1,-2,-
996,axial,2,2,-2,-2,-
997,axial,1,6,5,0,2
998,axial,3,9,2,-1,1
999,axial,6,8,-1,-2,-
1000,axial,1,1,1,1,-
1001,axial,6,2,0,0,2
1002,axial,2,1,0,-1,1
1003,smd,6810,-,-,-,-
1004,axial,1,3,-2,-,-
1005,axial,1,2,1,0,1
1006,axial,1,5,-1,-2,-
1007,axial,6,8,1,8,-
1008,axial,0,5,5,-2,1
1009,axial,0,6,6,-2,1
1010,axial,1,7,8,2,1
1011,smd,115,-,-,-,-
1012,smd,125,-,-,-,-
1013,axial,3,7,4,2,1
1014,axial,7,7,-2,8,-
1015,axial,6,8,1,2,2
1016,axial,2,2,4,-2,-
1017,axial,6,2,1,4,-
1018,smd,73R2,-,-,-,-
1019,smd,565,-,-,-,-
1020,smd,7R5,-,-,-,-
1021,axial,1,1,3,3,2
1022,axial,1,5,1,-1,-
1023,smd,160,-,-,-,-
1024,smd,8200,-,-,-,-
1025,smd,3R30,-,-,-,-
1026,axial,3,0,5,4,-
1027,axial,7,5,3,4,-
1028,axial,2,2,3,-1,-
1029,axial,2,0,2,4,4
1030,axial,1,4,7,0,2
1031,axial,1,1,2,-2,-
1032,axial,2,4,1,-2,-
1033,axial,8,4,3,2,6
1034,axial,4,8,7,1,2
1035,smd,8661,-,-,-,-
1036,axial,8,1,5,-1,-
1037,axial,2,7,1,-1,-
1038,axial,1,9,9,-2,2
1039,axial,1,6,4,-2,-
1040,smd,134,-,-,-,-
1041,smd,56R0,-,-,-,-
1042,axial,4,2,2,-2,2
1043,axial,7,8,7,4,1
1044,smd,1782,-,-,-,-
1045,axial,4,3,4,0,-
1046,axial,2,2,-2,-1,-
1047,axial,7,6,8,0,1
1048,axial,3,3,0,3,2
1049,smd,364,-,-,-,-
1050,smd,910,-,-,-,-
1051,axial,4,7,0,-1,-
1052,smd,2874,-,-,-,-
1053,axial,1,1,3,4,2
1054,smd,111,-,-,-,-
1055,axial,4,7,5,4,3
1056,axial,2,8,0,4,2
1057,axial,2,4,0,-1,-
1058,axial,4,4,-2,-1,-
1059,axial,1,2,2,9,1
1060,smd,1103,-,-,-,-
1061,axial,1,1,5,1,-
1062,axial,1,9,6,4,1
1063,axial,7,1,1,-2,1
1064,smd,362,-,-,-,-
1065,axial,3,5,7,2,2
1066,axial,1,6,-1,-1,-
1067,smd,6040,-,-,-,-
1068,axial,6,2,-1,-1,-
1069,axial,0,3,3,-2,2
1070,axial,5,7,6,0,2
1071,smd,202,-,-,-,-
1072,axial,1,2,4,-1,-
1073,axial,1,1,5,0,1
1074,axial,2,4,0,-2,-
1075,axial,1,1,-2,-1,-
1076,axial,9,2,0,2,-1
1077,axial,4,7,0,4,2
1078,axial,0,8,7,4,2
1079,axial,9,5,9,-1,2
1080,axial,1,1,8,4,1
1081,axial,4,6,4,4,1
1082,axial,6,2,1,-2,-
1083,axial,2,2,6,-1,2
1084,axial,2,2,2,-1,-
1085,axial,2,2,2,-2,2
1086,axial,3,3,0,0,1
1087,smd,622,-,-,-,-
1088,axial,4,7,0,4,2
1089,axial,2,1,5,2,2
1090,axial,1,0,5,1,2
1091,axial,5,4,9,0,2
1092,axial,6,8,-1,-1,-
1093,smd,122,-,-,-,-
1094,smd,101,-,-,-,-
1095,axial,3,6,0,1,2
1096,axial,6,9,8,4,2
1097,axial,1,5,1,-1,-
1098,smd,1740,-,-,-,-
1099,smd,7R87,-,-,-,-
1100,smd,393,-,-,-,-
1101,axial,1,8,2,4,2
1102,axial,1,5,2,-1,-
1103,axial,1,1,-2,-2,-
1104,axial,1,6,0,1,1
1105,axial,6,8,0,-1,1
1106,axial,5,5,-2,9,-
1107,axial,1,0,0,1,1
1108,axial,3,9,-1,9,-
1109,axial,2,1,0,0,2
1110,axial,6,8,1,3,2
1111,axial,6,2,5,9,-
1112,smd,5764,-,-,-,-
1113,axial,4,5,5,9,3
1114,smd,3R3,-,-,-,-
1115,axial,1,8,1,-2,-
1116,smd,821,-,-,-,-
1117,axial,7,8,7,-1,1
1118,axial,3,0,2,-1,-
1119,axial,1,8,-1,-1,-
1120,axial,9,1,6,-,-
1121,smd,3R83,-,-,-,-
1122,axial,3,6,3,-1,-
1123,axial,6,3,4,-1,1
1124,axial,1,8,8,-2,2
1125,axial,6,8,4,-2,-
1126,axial,2,4,0,1,2
1127,smd,4911,-,-,-,-
1128,smd,112,-,-,-,-
1129,axial,9,1,4,-2,-
1130,smd,1004,-,-,-,-
1131,axial,5,6,-1,-1,-
1132,smd,361,-,-,-,-
1133,axial,1,6,-1,-1,-
1134,axial,3,9,0,3,2
1135,axial,2,3,3,9,1
1136,smd,915,-,-,-,-
1137,axial,3,6,5,-1,2
1138,axial,2,2,3,-1,-
1139,axial,5,6,2,4,1
1140,axial,1,8,4,-1,-
1141,axial,4,0,2,0,2
1142,axial,1,3,4,-2,-
1143,axial,1,4,0,1,2
1144,smd,7321,-,-,-,-
1145,axial,0,2,2,-2,1
1146,smd,R13,-,-,-,-
1147,smd,9099,-,-,-,-
1148,axial,8,2,0,-1,-
1149,axial,4,1,2,-1,2
1150,smd,162,-,-,-,-
1151,axial,4,6,4,-1,2
1152,smd,750,-,-,-,-
1153,axial,3,3,4,-2,-
1154,axial,1,1,4,-1,-
1155,axial,0,-2,9,-,-
1156,axial,1,1,1,-2,1
1157,axial,1,6,9,4,2
1158,axial,2,8,8,9,2
1159,axial,1,3,7,0,2
1160,axial,4,4,2,2,2
1161,smd,2371,-,-,-,-
1162,smd,1011,-,-,-,-
1163,axial,1,8,7,4,1
1164,axial,2,7,0,-1,2
1165,axial,4,1,2,1,2
1166,axial,2,1,5,3,1
1167,axial,1,4,0,4,2
1168,axial,6,8,3,-2,-
1169,axial,1,0,0,-2,2
1170,axial,1,7,4,3,2
1171,axial,8,4,9,2,2
1172,axial,1,9,2,4,-
1173,axial,1,7,8,4,1
1174,axial,4,2,2,-1,1
1175,axial,3,9,2,4,1
1176,axial,5,1,4,4,-
1177,axial,3,6,1,-2,-
1178,axial,1,4,7,4,2
1179,smd,5231,-,-,-,-
1180,axial,3,9,2,-2,-
1181,axial,1,6,4,-1,-
1182,axial,4,8,7,0,1
1183,smd,14R7,-,-,-,-
1184,axial,1,5,3,-1,-
1185,smd,6041,-,-,-,-
1186,axial,2,7,0,2,1
1187,axial,4,4,-2,-2,-
1188,axial,4,3,0,4,2
1189,smd,9R1,-,-,-,-
1190,axial,0,0,8,1,-
1191,smd,360,-,-,-,-
1192,smd,752,-,-,-,-
1193,smd,1472,-,-,-,-
1194,axial,1,-1,-1,-,-
1195,axial,2,9,4,4,1
1196,smd,8664,-,-,-,-
1197,axial,8,8,5,6,-
1198,axial,2,4,9,0,1
1199,axial,2,0,0,2,8
1200,axial,7,8,7,-1,2
1201,axial,2,0,0,-1,2
1202,axial,4,5,5,-2,2
1203,axial,4,9,1,0,2
1204,smd,1134,-,-,-,-
1205,smd,1R27,-,-,-,-
1206,smd,3012,-,-,-,-
1207,axial,4,4,-2,-1,-
1208,axial,2,3,7,4,1
1209,smd,514,-,-,-,-
1210,axial,4,7,5,3,1
1211,smd,163,-,-,-,-
1212,axial,3,0,2,8,-
1213,axial,0,2,2,-2,1
1214,smd,4024,-,-,-,-
1215,axial,4,7,0,-2,-
1216,axial,5,1,-1,-2,-
1217,axial,3,3,0,-1,-2
1218,axial,5,6,5,-2,-
1219,axial,1,0,0,-2,2
1220,axial,6,2,2,-2,-
1221,axial,3,9,-1,-1,-
1222,axial,8,1,5,5,-2
1223,smd,6R65,-,-,-,-
1224,axial,6,1,9,0,1
1225,axial,3,3,0,4,1
1226,axial,2,2,1,-2,-
1227,axial,1,1,3,-1,-
1228,axial,0,2,2,-2,2
1229,axial,6,8,0,-1,-
1230,axial,1,1,4,-1,-
1231,axial,1,0,0,-1,-
1232,axial,2,5,5,4,1
1233,axial,8,3,3,-2,1
1234,axial,1,4,2,2,2
1235,axial,2,2,5,-1,-
1236,axial,5,1,1,0,1
1237,axial,8,6,6,-2,1
1238,axial,6,2,4,-2,-
1239,axial,7,5,1,-2,-
1240,axial,8,1,6,5,-2
1241,axial,0,1,1,-2,2
1242,axial,4,4,4,-2,1
1243,axial,2,8,0,0,2
1244,axial,6,6,5,8,0
1245,smd,4024,-,-,-,-
1246,smd,115,-,-,-,-
1247,axial,8,1,1,-2,-1
1248,axial,3,0,0,2,2
1249,axial,1,0,5,1,2
1250,axial,5,6,-1,-1,-
1251,axial,6,8,8,-2,1
1252,smd,6803,-,-,-,-
1253,axial,8,1,5,4,-1
1254,smd,3R00,-,-,-,-
1255,axial,6,8,5,-1,-
1256,axial,1,0,1,-2,-
1257,axial,1,3,3,-2,8
1258,axial,3,8,3,3,3
1259,smd,1271,-,-,-,-
1260,smd,221,-,-,-,-
1261,axial,9,1,-1,-2,-
1262,axial,4,3,2,-1,-
1263,axial,1,8,4,4,-
1264,axial,1,0,2,-1,2
1265,axial,1,3,3,3,1
1266,smd,1540,-,-,-,-
1267,axial,9,7,5,4,-2
1268,axial,4,3,4,-2,-
1269,axial,1,0,5,4,1
1270,axial,2,1,0,1,1
1271,axial,2,5,5,-2,2
1272,axial,1,8,4,-1,-
1273,axial,1,3,0,-2,-
1274,axial,1,6,6,-2,2
1275,axial,3,6,5,-1,-
1276,axial,1,5,4,9,-
1277,axial,2,0,3,-2,-
1278,axial,5,1,1,-1,-
1279,smd,134,-,-,-,-
1280,axial,4,3,5,-1,-
1281,axial,3,0,2,-2,-
1282,smd,7R5,-,-,-,-
1283,smd,622,-,-,-,-
1284,axial,7,5,0,-1,-
1285,axial,1,8,2,3,1
1286,axial,2,1,5,2,2
1287,axial,5,6,-1,-1,-
1288,axial,2,4,0,-1,-
1289,axial,5,6,0,1,1
1290,smd,135,-,-,-,-
1291,axial,4,5,3,3,1
1292,axial,5,6,4,8,-
1293,axial,2,8,-2,-,-
1294,smd,2R80,-,-,-,-
1295,smd,562,-,-,-,-
1296,smd,820,-,-,-,-
1297,axial,5,1,4,-2,-
1298,axial,5,5,-2,-1,-
1299,axial,2,7,4,4,2
1300,axial,1,8,5,-2,-
1301,smd,9091,-,-,-,-
1302,axial,1,1,-2,-1,-
1303,smd,4640,-,-,-,-
1304,axial,1,2,4,0,1
1305,axial,1,6,6,-2,1
1306,axial,8,4,4,-2,2
1307,axial,8,8,1,2,6
1308,axial,9,1,4,-1,-
1309,axial,2,0,2,-2,-
1310,axial,3,0,3,-2,-
1311,axial,6,9,8,-1,2
1312,axial,8,0,6,2,1
1313,axial,1,8,3,4,3
1314,smd,1R5,-,-,-,-
1315,axial,1,1,5,0,2
1316,axial,7,0,4,1,2
1317,axial,1,3,0,0,2
1318,axial,3,5,8,1,2
1319,axial,0,8,2,2,1
1320,axial,3,3,5,-1,-
1321,axial,9,3,1,0,2
1322,axial,2,7,0,0,2
1323,axial,2,0,8,-,-
1324,smd,12R7,-,-,-,-
1325,axial,2,4,3,8,8
1326,smd,1742,-,-,-,-
1327,axial,0,2,2,9,1
1328,axial,6,1,9,3,2
1329,smd,270,-,-,-,-
1330,axial,1,1,-2,-2,-
1331,axial,9,1,5,-1,-
1332,axial,2,2,6,1,1
1333,axial,5,1,0,3,1
1334,axial,3,0,1,3,1
1335,axial,0,6,4,1,-2
1336,axial,1,0,7,-1,2
1337,axial,1,3,1,-2,-
1338,axial,6,2,0,0,1
1339,axial,8,5,1,-1,-2
1340,axial,3,0,2,-2,-
1341,axial,8,2,4,5,1
1342,smd,0R12,-,-,-,-
1343,axial,7,5,5,8,-
1344,axial,1,6,5,-1,2
1345,axial,1,5,0,-1,2
1346,axial,9,5,5,-2,2
1347,axial,8,1,6,5,-1
1348,axial,2,0,0,-1,-
1349,axial,5,7,6,3,1
1350,axial,1,0,0,2,2
1351,axial,5,5,-2,-2,-
1352,axial,3,0,1,1,-
1353,axial,1,1,0,-2,-
1354,axial,1,8,8,9,2
1355,axial,2,7,0,-1,-
1356,smd,5R49,-,-,-,-
1357,axial,9,1,5,-2,-
1358,axial,1,1,4,-1,-
1359,axial,3,2,2,-2,1
1360,axial,2,4,-1,4,-
1361,smd,R82,-,-,-,-
1362,axial,1,2,1,-1,2
1363,axial,4,7,2,-1,-
1364,axial,5,6,2,0,2
1365,axial,2,4,2,9,-
1366,axial,1,8,4,-1,-
1367,smd,125,-,-,-,-
1368,axial,6,8,4,-2,-
1369,axial,8,1,0,4,2
1370,axial,6,8,5,-1,-
1371,axial,5,1,4,-2,-
1372,axial,1,6,5,0,2
1373,axial,8,2,5,4,1
1374,axial,8,8,7,3,2
1375,axial,4,7,2,-1,-
1376,smd,430,-,-,-,-
1377,axial,9,1,0,4,1
1378,axial,1,3,1,-2,-
1379,axial,2,2,6,3,1
1380,smd,4224,-,-,-,-
1381,axial,5,2,3,1,2
1382,axial,1,1,-1,-1,-
1383,axial,4,7,0,-1,1
1384,axial,0,8,-1,-,-
1385,smd,2004,-,-,-,-
1386,axial,3,9,3,-1,-
1387,axial,2,1,6,6,8
1388,axial,2,2,-2,-1,-
1389,axial,2,7,4,-2,-
1390,axial,7,6,8,2,2
1391,axial,3,9,0,1,1
1392,axial,2,2,-2,4,-
1393,axial,1,6,5,-1,-
1394,axial,3,9,1,-1,-
1395,axial,2,9,9,-2,2
1396,axial,1,6,9,4,1
1397,axial,7,5,4,-1,-
1398,axial,3,6,1,-1,-
1399,axial,6,8,4,-1,-
1400,axial,3,6,5,8,-
1401,smd,3742,-,-,-,-
1402,axial,3,3,1,-2,-
1403,axial,6,1,9,0,1
1404,axial,5,1,2,-1,-
1405,axial,2,8,7,-1,2
1406,smd,R47,-,-,-,-
1407,axial,5,7,6,4,1
1408,axial,6,4,9,-1,1
1409,axial,3,6,5,1,-
1410,axial,1,1,-2,-2,-
1411,axial,4,4,2,2,1
1412,axial,3,0,3,8,-
1413,axial,6,2,0,8,8
1414,smd,3742,-,-,-,-
1415,smd,625,-,-,-,-
1416,axial,8,2,2,-2,1
1417,axial,7,6,5,0,2
1418,axial,1,8,2,9,-
1419,axial,4,0,2,4,2
1420,axial,1,5,4,4,1
1421,axial,4,3,0,-1,1
1422,axial,1,5,0,-1,-
1423,smd,2R61,-,-,-,-
1424,axial,9,1,0,8,-
1425,axial,2,4,4,5,1
1426,axial,3,3,5,-1,-
1427,axial,5,1,3,-1,-
1428,axial,2,0,3,-1,-
1429,axial,1,1,-2,-2,-
1430,axial,2,9,4,-1,1
1431,axial,6,2,5,-2,-
1432,smd,4300,-,-,-,-
1433,axial,2,2,-1,-2,-
1434,axial,3,0,1,-1,-
1435,axial,4,7,0,-1,-
1436,axial,2,8,0,-1,1
1437,axial,2,2,-2,-1,-
1438,axial,1,1,-2,8,-
1439,axial,2,2,-2,-1,-
1440,axial,5,1,1,-2,-
1441,axial,5,2,3,0,2
1442,axial,7,5,2,-1,-
1443,smd,331,-,-,-,-
1444,smd,185,-,-,-,-
1445,axial,6,2,0,8,-
1446,axial,5,4,9,-1,2
1447,axial,1,0,2,3,1
1448,axial,2,5,5,0,1
1449,axial,1,8,0,2,1
1450,axial,4,3,5,-2,-
1451,axial,3,9,0,-1,8
1452,axial,6,8,4,1,-
1453,axial,3,6,0,1,-
1454,axial,1,1,3,-2,-
1455,smd,123,-,-,-,-
1456,axial,2,2,-2,-2,-
1457,axial,3,0,3,-2,-
1458,axial,7,6,8,1,1
1459,axial,2,4,4,9,-
1460,axial,1,1,3,1,1
1461,axial,4,7,7,-2,1
1462,axial,3,4,8,2,2
1463,axial,1,1,8,2,1
1464,axial,6,2,5,4,-
1465,smd,5761,-,-,-,-
1466,axial,8,2,5,4,2
1467,axial,2,0,0,-1,-
1468,axial,3,0,1,4,1
1469,axial,4,2,2,-1,2
1470,axial,5,1,1,-2,1
1471,smd,1374,-,-,-,-
1472,axial,3,3,9,-1,-
1473,smd,224,-,-,-,-
1474,axial,3,3,-2,-1,-
1475,axial,6,9,8,2,2
1476,axial,3,0,0,-1,-
1477,axial,3,0,3,-2,-
1478,axial,1,3,1,9,-
1479,smd,682,-,-,-,-
1480,axial,1,0,5,3,1
1481,axial,6,2,2,-2,1
1482,axial,1,1,8,4,1
1483,axial,5,6,4,-1,-
1484,axial,1,2,0,8,-
1485,axial,2,2,-2,-2,-
1486,axial,3,3,5,9,-
1487,axial,1,1,-2,-1,-
1488,axial,8,4,0,3,3
1489,axial,7,9,9,-2,2
1490,axial,1,2,4,-2,-
1491,axial,8,1,5,-1,-
1492,axial,1,8,0,4,1
1493,axial,7,5,4,-1,-
1494,smd,4532,-,-,-,-
1495,axial,5,6,5,4,-
1496,axial,2,2,-2,-2,-
1497,axial,1,9,0,-1,2
1498,axial,1,9,1,-2,-
1499,smd,221,-,-,-,-
1500,axial,1,2,1,2,1
1501,axial,1,6,-1,-2,-
1502,axial,6,6,5,1,1
1503,axial,8,1,6,3,-1
1504,axial,0,1,1,-2,2
1505,axial,5,3,6,4,2
1506,axial,1,2,0,0,2
1507,axial,2,4,9,4,2
1508,smd,332,-,-,-,-
1509,axial,1,7,8,1,1
1510,axial,6,6,5,3,1
1511,smd,68R1,-,-,-,-
1512,axial,2,0,0,3,2
1513,smd,7681,-,-,-,-
1514,axial,1,5,8,1,2
1515,smd,61R9,-,-,-,-
1516,axial,1,0,-1,-2,-
1517,axial,4,3,1,-2,-
1518,axial,3,6,3,-1,-
1519,axial,9,1,3,2,-2
1520,axial,2,0,3,-2,-
1521,axial,2,5,5,4,2
1522,axial,9,7,6,3,2
1523,axial,3,5,5,-2,2
1524,axial,1,8,8,-2,1
1525,axial,4,2,2,2,1
1526,axial,2,8,7,3,2
1527,axial,3,1,6,1,1
1528,axial,1,8,5,9,-
1529,axial,4,3,4,-2,-
1530,axial,6,5,5,9,-
1531,smd,561,-,-,-,-
1532,axial,1,5,3,-2,-
1533,axial,4,7,3,9,-
1534,axial,1,0,5,8,-
1535,axial,8,1,6,3,8
1536,axial,2,4,4,-2,1
1537,axial,1,9,6,4,1
1538,axial,2,2,3,-2,-
1539,smd,R47,-,-,-,-
1540,axial,3,1,6,0,1
1541,smd,275,-,-,-,-
1542,axial,2,9,4,1,1
1543,axial,1,3,0,-1,2
1544,axial,4,3,1,9,-
1545,axial,7,5,3,-1,-
1546,axial,1,3,2,-2,-
1547,axial,3,3,0,2,2
1548,axial,2,6,1,-1,1
1549,axial,3,0,0,-1,-
1550,axial,0,0,6,3,2
1551,axial,6,2,0,3,1
1552,axial,8,1,3,3,-1
1553,smd,6971,-,-,-,-
1554,smd,132,-,-,-,-
1555,axial,8,8,8,2,0
1556,axial,7,5,0,0,2
1557,smd,3300,-,-,-,-
1558,axial,5,6,3,0,-
1559,axial,3,6,0,-1,-
1560,axial,6,2,4,-2,-
1561,smd,9R1,-,-,-,-
1562,axial,7,5,1,-1,-
1563,smd,334,-,-,-,-
1564,axial,4,3,3,-1,-
1565,smd,1132,-,-,-,-
1566,smd,132,-,-,-,-
1567,smd,1690,-,-,-,-
1568,axial,3,6,4,-2,-
1569,axial,2,7,1,-2,-
1570,axial,3,6,-1,4,-
1571,smd,42R2,-,-,-,-
1572,axial,1,6,2,-1,1
1573,axial,4,3,2,-1,-
1574,axial,5,1,0,-1,1
1575,smd,1372,-,-,-,-
1576,smd,131,-,-,-,-
1577,axial,4,5,3,2,2
1578,axial,3,3,-2,-2,-
1579,axial,1,0,0,4,1
1580,axial,1,2,4,-2,-
1581,axial,6,4,4,-2,1
1582,smd,115,-,-,-,-
1583,smd,2742,-,-,-,-
1584,axial,2,2,6,3,1
1585,smd,4872,-,-,-,-
1586,smd,4913,-,-,-,-
1587,axial,5,4,9,4,2
1588,smd,7500,-,-,-,-
1589,smd,1R1,-,-,-,-
1590,axial,6,2,2,-1,-
1591,axial,1,4,-2,-1,-
1592,axial,7,1,5,3,1
1593,smd,9590,-,-,-,-
1594,axial,2,2,7,-1,2
1595,axial,1,1,1,-2,1
1596,axial,1,2,1,-1,-
1597,axial,2,2,1,0,2
1598,axial,0,2,2,-2,2
1599,axial,4,1,4,-2,-
1600,axial,4,0,2,1,1
1601,axial,3,3,9,-2,-
1602,smd,0R59,-,-,-,-
1603,axial,8,1,2,0,-1
1604,smd,R47,-,-,-,-
1605,axial,4,7,0,1,1
1606,axial,2,2,2,-2,1
1607,axial,9,1,4,-2,-
1608,axial,6,6,8,2,2
1609,axial,1,1,8,0,1
1610,axial,2,0,5,1,1
1611,smd,3321,-,-,-,-
1612,axial,9,0,9,0,1
1613,smd,8872,-,-,-,-
1614,smd,41R2,-,-,-,-
1615,axial,9,1,1,-2,1
1616,axial,2,4,-2,-,-
1617,axial,1,9,5,-1,-
1618,axial,2,4,0,-2,-
1619,axial,1,3,3,-2,8
1620,smd,8194,-,-,-,-
1621,axial,1,5,1,-1,-
1622,axial,4,5,0,1,-
1623,axial,1,3,3,0,2
1624,axial,5,1,4,-1,-
1625,axial,8,1,2,1,-1
1626,axial,3,3,9,9,-
1627,axial,8,9,8,1,-
1628,axial,4,3,2,2,1
1629,axial,1,6,0,2,1
1630,axial,2,2,2,-1,-
1631,axial,4,3,2,4,2
1632,axial,5,5,-2,-2,-
1633,axial,6,3,3,9,2
1634,axial,2,2,-1,-1,-
1635,smd,4R02,-,-,-,-
1636,axial,3,1,6,3,2
1637,axial,3,3,5,-1,-
1638,axial,1,3,4,4,-
1639,smd,3742,-,-,-,-
1640,axial,1,0,5,-1,-
1641,axial,4,5,3,4,1
1642,axial,4,7,0,-2,-
1643,axial,7,5,1,-1,-
1644,axial,5,3,6,-1,1
1645,axial,5,7,6,-1,1
1646,axial,1,1,5,8,-
1647,axial,7,3,2,2,2
1648,axial,2,2,-1,-1,-
1649,axial,1,8,0,0,2
1650,axial,2,0,5,-1,-
1651,axial,9,3,1,2,1
1652,axial,1,5,8,2,2
1653,axial,9,7,6,2,2
1654,axial,1,2,2,8,8
1655,axial,1,2,7,-1,2
1656,axial,6,3,4,0,1
1657,axial,4,3,5,-1,-
1658,smd,470,-,-,-,-
1659,smd,5112,-,-,-,-
1660,axial,5,4,9,2,2
1661,axial,3,9,2,-2,-
1662,axial,0,1,1,-2,1
1663,axial,4,3,1,4,-
1664,axial,1,7,8,3,2
1665,axial,1,8,7,2,2
1666,smd,R15,-,-,-,-
1667,axial,1,0,2,-1,-
1668,axial,5,6,0,-1,-
1669,axial,2,4,5,-2,-
1670,axial,1,8,0,-2,-
1671,smd,5490,-,-,-,-
1672,axial,1,2,5,1,7
1673,axial,1,0,7,4,1
1674,axial,2,4,0,-2,-
1675,axial,4,1,2,3,2
1676,axial,2,-1,-2,-,-
1677,axial,0,1,6,0,8
1678,axial,5,1,3,-1,-
1679,axial,1,2,0,-2,8
1680,axial,3,6,1,8,-
1681,axial,6,8,0,-1,-
1682,axial,1,4,3,3,2
1683,axial,1,1,-2,-1,-
1684,axial,5,4,9,0,1
1685,axial,3,9,-1,-1,-
1686,axial,1,5,0,1,2
1687,axial,2,4,3,3,1
1688,axial,1,9,1,3,1
1689,axial,1,0,1,-2,-
1690,axial,0,3,3,9,2
1691,axial,2,8,0,-1,2
1692,axial,1,5,-1,-1,-
1693,smd,202,-,-,-,-
1694,axial,6,2,0,2,2
1695,axial,1,3,5,-2,-
1696,axial,3,0,1,2,1
1697,axial,3,1,6,2,1
1698,axial,2,0,5,1,2
1699,axial,8,1,1,3,9
1700,smd,682,-,-,-,-
1701,axial,2,4,9,0,1
1702,axial,2,1,4,5,1
1703,axial,6,2,3,-1,-
1704,axial,1,9,9,-2,2
1705,axial,6,8,1,1,1
1706,smd,8063,-,-,-,-
1707,axial,1,2,3,-2,-
1708,axial,3,3,0,-1,-
1709,axial,8,1,0,1,1
1710,axial,1,1,-2,-1,-
1711,smd,435,-,-,-,-
1712,axial,5,6,0,-1,-
1713,axial,1,6,-1,-1,-
1714,axial,1,1,2,1,-
1715,axial,1,0,0,3,2
1716,axial,3,2,4,0,1
1717,axial,3,9,5,-1,-
1718,axial,5,6,1,8,8
1719,smd,2432,-,-,-,-
1720,smd,2803,-,-,-,-
1721,axial,1,3,3,-2,2
1722,axial,1,0,7,-1,2
1723,smd,R56,-,-,-,-
1724,axial,1,0,-1,-1,-
1725,smd,200,-,-,-,-
1726,axial,1,2,0,-2,-
1727,axial,1,0,3,-1,-
1728,axial,3,3,-2,-1,-
1729,smd,3653,-,-,-,-
1730,axial,2,2,4,-2,0
1731,smd,2612,-,-,-,-
1732,axial,2,2,1,4,-
1733,axial,3,9,5,-2,-
1734,axial,5,3,6,4,2
1735,axial,4,7,1,8,-
1736,smd,2673,-,-,-,-
1737,axial,2,2,-1,-1,-
1738,axial,7,1,5,0,1
1739,axial,8,2,1,-2,-
1740,smd,181,-,-,-,-
1741,axial,2,7,4,1,-
1742,axial,3,3,-2,-1,-
1743,smd,205,-,-,-,-
1744,axial,1,0,8,6,-
1745,axial,2,4,4,-1,-
1746,axial,1,0,1,-1,-
1747,axial,1,6,6,-2,2
1748,axial,6,8,0,0,2
1749,axial,1,5,-1,-1,-
1750,axial,6,8,-1,1,-
1751,axial,4,3,3,-1,-2
1752,axial,2,4,4,-2,2
1753,axial,5,1,5,-2,-
1754,smd,3923,-,-,-,-
1755,smd,910,-,-,-,-
1756,smd,2R40,-,-,-,-
1757,smd,680,-,-,-,-
1758,axial,1,1,0,-2,-
1759,axial,2,7,5,-2,-
1760,axial,3,9,2,0,2
1761,axial,7,6,8,3,1
1762,smd,305,-,-,-,-
1763,smd,187,-,-,-,-
1764,axial,1,6,5,-1,-
1765,axial,4,3,0,-2,-
1766,axial,1,2,5,-1,8
1767,axial,3,9,4,-1,-
1768,axial,3,0,1,1,2
1769,axial,2,4,9,0,1
1770,axial,2,7,0,1,1
1771,smd,4R87,-,-,-,-
1772,axial,2,9,4,2,1
1773,axial,9,1,2,9,-
1774,axial,1,2,7,0,1
1775,axial,4,4,2,3,1
1776,axial,8,6,6,-1,2
1777,axial,6,1,9,-1,1
1778,axial,3,6,2,-2,-
1779,smd,2R4,-,-,-,-
1780,axial,5,6,5,-2,-
1781,smd,3R92,-,-,-,-
1782,smd,2R74,-,-,-,-
1783,smd,151,-,-,-,-
1784,axial,1,6,5,0,2
1785,axial,7,0,4,1,1
1786,axial,3,4,8,3,1
1787,axial,8,2,7,5,-2
1788,axial,5,2,3,0,1
1789,axial,2,5,5,2,1
1790,smd,3743,-,-,-,-
1791,axial,1,0,4,-2,-
1792,smd,391,-,-,-,-
1793,axial,6,2,1,-2,-
1794,axial,6,8,1,0,1
1795,axial,3,3,3,-2,1
1796,axial,6,2,2,-2,-
1797,axial,2,0,0,-1,2
1798,axial,6,6,8,-1,8
1799,smd,R56,-,-,-,-
1800,axial,1,1,-2,-2,-
1801,smd,4R30,-,-,-,-
1802,axial,5,5,-2,9,-
1803,axial,4,3,2,2,2
1804,smd,48R7,-,-,-,-
1805,smd,203,-,-,-,-
1806,smd,7324,-,-,-,-
1807,axial,2,0,5,-1,-
1808,smd,2R74,-,-,-,-
1809,axial,8,2,2,3,-2
1810,axial,1,0,5,4,2
1811,smd,2610,-,-,-,-
1812,axial,9,1,3,4,-
1813,smd,473,-,-,-,-
1814,smd,472,-,-,-,-
1815,axial,5,5,9,-2,0
1816,axial,7,5,4,-2,-
1817,smd,2814,-,-,-,-
1818,axial,3,0,2,-2,-
1819,axial,3,7,4,0,1
1820,axial,1,4,0,3,2
1821,axial,3,9,3,-2,-
1822,axial,1,1,8,0,1
1823,axial,3,0,0,4,2
1824,axial,1,4,7,4,1
1825,axial,9,2,2,0,2
1826,axial,3,6,5,2,2
1827,smd,271,-,-,-,-
1828,axial,9,1,0,1,-
1829,axial,2,5,5,4,2
1830,axial,4,0,2,-1,2
1831,axial,7,5,0,0,1
1832,axial,9,7,6,4,2
1833,axial,3,8,3,1,3
1834,smd,753,-,-,-,-
1835,axial,4,1,5,-1,0
1836,smd,392,-,-,-,-
1837,axial,1,5,8,1,1
1838,axial,2,0,1,-2,-
1839,axial,4,0,0,8,2
1840,axial,2,0,3,-2,-
1841,smd,4R32,-,-,-,-
1842,axial,6,8,4,-1,-
1843,axial,1,8,0,4,2
1844,axial,4,7,0,-1,2
1845,axial,4,2,2,4,2
1846,axial,1,0,0,2,2
1847,axial,3,0,1,-2,-
1848,axial,1,3,4,-1,-
1849,axial,3,0,4,-1,-
1850,axial,1,1,-1,-2,-
1851,axial,1,3,4,-2,-
1852,axial,2,8,-2,-,-
1853,axial,1,8,7,0,2
1854,axial,2,8,8,-2,1
1855,axial,1,6,6,-2,1
1856,axial,1,2,2,-2,2
1857,axial,2,2,1,-2,-
1858,smd,363,-,-,-,-
1859,axial,5,3,6,-1,2
1860,axial,3,3,3,9,-
1861,axial,1,1,-2,-2,-
1862,axial,1,3,-1,-1,-
1863,axial,6,8,4,4,-
1864,axial,9,1,1,-1,-
1865,axial,1,6,0,4,-
1866,axial,2,2,6,2,1
1867,axial,5,6,5,9,-
1868,axial,5,1,0,0,2
1869,axial,1,6,0,2,1
1870,axial,1,1,0,4,1
1871,axial,1,6,0,1,1
1872,axial,8,1,6,0,1
1873,axial,4,7,0,-1,2
1874,axial,4,6,4,3,2
1875,axial,3,3,9,-1,-2
1876,axial,2,8,7,3,1
1877,smd,753,-,-,-,-
1878,smd,7R87,-,-,-,-
1879,axial,1,5,5,-1,-
1880,axial,2,2,0,8,-
1881,axial,5,1,4,-1,-
1882,axial,2,0,0,4,1
1883,axial,3,9,9,-2,1
1884,smd,3R24,-,-,-,-
1885,axial,2,0,3,-2,-
1886,axial,1,2,2,0,1
1887,axial,4,7,5,-1,2
1888,axial,1,2,2,-2,1
1889,axial,3,0,1,-1,-
1890,axial,6,8,1,2,1
1891,axial,3,6,4,-2,-
1892,smd,2874,-,-,-,-
1893,axial,2,0,1,-1,-
1894,axial,1,8,2,4,-
1895,axial,1,6,6,-2,1
1896,axial,3,3,3,-1,-
1897,axial,1,5,4,1,2
1898,axial,1,6,1,8,-
1899,axial,1,2,3,-2,-
1900,axial,2,5,5,2,2
1901,axial,8,1,0,3,-2
1902,axial,6,2,5,-2,-
1903,axial,1,1,1,-2,2
1904,axial,5,1,5,9,-
1905,axial,2,4,3,-2,-
1906,axial,6,3,4,1,2
1907,axial,2,3,3,-2,2
1908,smd,3603,-,-,-,-
1909,axial,3,3,0,2,2
1910,axial,1,0,2,-1,-
1911,axial,9,1,5,5,-1
1912,axial,1,6,9,4,1
1913,axial,1,1,3,4,-
1914,smd,113,-,-,-,-
1915,axial,5,1,5,-2,-
1916,axial,2,1,0,1,1
1917,smd,2R7,-,-,-,-
1918,axial,1,0,1,-2,-
1919,axial,5,1,1,-2,-
1920,axial,6,0,4,3,1
1921,axial,9,5,9,0,1
1922,axial,5,9,0,3,1
1923,smd,5233,-,-,-,-
1924,axial,7,6,8,4,2
1925,axial,4,7,3,-1,-
1926,axial,8,2,2,-2,2
1927,smd,242,-,-,-,-
1928,smd,61R9,-,-,-,-
1929,smd,222,-,-,-,-
1930,smd,1964,-,-,-,-
1931,smd,113,-,-,-,-
1932,axial,5,6,2,-1,-
1933,axial,1,2,4,9,-
1934,smd,2R15,-,-,-,-
1935,axial,2,1,1,-2,1
1936,smd,2320,-,-,-,-
1937,axial,9,1,2,-2,-
1938,axial,8,1,1,0,-
1939,smd,111,-,-,-,-
1940,smd,6R65,-,-,-,-
1941,axial,1,1,-2,-1,-
1942,axial,3,3,-2,-2,-
1943,smd,8453,-,-,-,-
1944,axial,7,5,2,-1,-
1945,axial,6,6,5,2,1
1946,axial,3,9,0,-2,-
1947,axial,8,4,7,2,-1
1948,axial,1,1,8,1,1
1949,axial,6,2,4,-2,-2
1950,axial,4,6,4,0,2
1951,axial,1,0,2,-2,-
1952,axial,8,2,2,-1,-
1953,axial,2,4,5,4,-
1954,axial,5,4,9,0,2
1955,axial,1,3,2,9,-
1956,axial,4,2,2,1,1
1957,axial,1,1,8,3,2
1958,axial,2,8,6,2,1
1959,axial,2,7,0,-2,-
1960,axial,3,7,4,-1,1
1961,smd,304,-,-,-,-
1962,axial,1,2,4,4,1
1963,axial,1,6,0,-1,-
1964,axial,2,4,0,2,2
1965,smd,2200,-,-,-,-
1966,axial,0,0,8,8,-
1967,axial,0,8,5,1,-
1968,axial,1,4,7,0,2
1969,axial,1,3,7,4,2
1970,axial,3,3,-1,-2,-
1971,smd,3R00,-,-,-,-
1972,axial,3,3,-2,-1,-
1973,smd,20R5,-,-,-,-
1974,axial,4,7,0,0,2
1975,axial,1,1,-2,-1,-
1976,axial,2,2,3,-2,-
1977,axial,5,6,1,-2,-
1978,axial,2,2,0,4,2
1979,axial,1,0,1,-2,-
1980,smd,2554,-,-,-,-
1981,axial,3,3,3,-1,-
1982,axial,2,7,4,-1,2
1983,axial,1,8,7,-1,2
1984,smd,5362,-,-,-,-
1985,axial,4,8,7,-1,2
1986,axial,2,2,0,1,2
1987,smd,204,-,-,-,-
1988,axial,2,2,1,3,1
1989,axial,1,8,0,-2,-
1990,axial,1,7,3,4,1
1991,axial,1,7,4,-1,1
1992,axial,6,0,4,1,2
1993,axial,7,8,8,-2,2
1994,axial,2,0,8,7,1
1995,axial,2,0,3,-2,-
1996,axial,0,7,7,-2,1
1997,axial,1,9,1,1,2
1998,smd,245,-,-,-,-
1999,smd,68R1,-,-,-,-
2000,smd,1964,-,-,-,-
2001,axial,6,2,2,-1,-
2002,axial,5,6,5,-1,-
2003,axial,3,7,4,3,1
2004,axial,4,3,1,-2,-
2005,axial,5,5,-2,4,-
2006,axial,1,3,2,-2,-
2007,smd,124,-,-,-,-
2008,axial,1,1,3,-2,-
2009,axial,8,2,4,-1,-
2010,axial,1,1,5,-1,-
2011,axial,8,6,6,4,2
2012,smd,103,-,-,-,-
2013,axial,1,1,1,-2,2
2014,axial,3,9,0,0,2
2015,smd,4702,-,-,-,-
2016,axial,6,0,4,0,2
2017,axial,7,5,-1,-1,-
2018,axial,1,1,-1,8,-
2019,smd,3162,-,-,-,-
2020,smd,4910,-,-,-,-
2021,axial,3,4,4,-2,1
2022,axial,4,7,5,1,2
2023,axial,7,3,2,0,1
2024,axial,7,7,-2,-1,-
2025,axial,2,2,0,4,2
2026,axial,3,9,0,8,-
2027,axial,9,5,9,2,1
2028,smd,2201,-,-,-,-
2029,axial,1,5,8,3,1
2030,axial,0,8,0,0,1
2031,axial,4,7,5,9,-
2032,axial,9,3,1,2,1
2033,axial,5,6,-1,-1,-
2034,axial,3,6,-1,-2,-
2035,axial,1,8,8,-2,2
2036,smd,1152,-,-,-,-
2037,axial,7,6,8,3,2
2038,axial,9,3,1,4,2
2039,axial,2,4,3,0,2
2040,axial,1,0,-1,-1,-
2041,axial,2,2,4,-1,-
2042,axial,5,7,6,-1,2
2043,axial,5,9,0,0,2
2044,axial,3,6,5,4,1
2045,axial,7,5,0,-1,-
2046,axial,3,0,5,-2,-
2047,smd,5R36,-,-,-,-
2048,axial,6,6,-2,-2,-
2049,axial,1,0,3,-2,-
2050,axial,2,2,-1,-2,-
2051,axial,4,4,-2,-1,-
2052,axial,8,2,0,0,1
2053,axial,1,6,3,-1,-
2054,smd,164,-,-,-,-
2055,axial,3,3,3,-2,-
2056,axial,6,9,9,-2,3
2057,axial,4,0,0,7,-
2058,axial,1,4,7,3,1
2059,axial,4,4,2,-1,1
2060,axial,2,2,5,-2,-
2061,axial,2,1,5,2,1
2062,smd,1R65,-,-,-,-
2063,axial,2,4,0,-2,-
2064,axial,1,2,0,0,1
2065,axial,3,9,-1,-1,-
2066,axial,1,8,2,-1,-
2067,axial,4,7,5,-1,2
2068,axial,1,5,4,-1,-
2069,axial,2,8,7,1,2
2070,axial,0,1,3,0,-1
2071,axial,3,3,5,-1,8
2072,smd,430,-,-,-,-
2073,axial,9,3,3,-2,-1
2074,axial,1,0,2,2,2
2075,axial,1,9,1,-1,1
2076,smd,1813,-,-,-,-
2077,axial,1,8,0,9,-
2078,axial,1,4,7,0,2
2079,axial,7,1,5,0,1
2080,axial,2,4,5,9,-
2081,axial,1,0,1,-2,-
2082,axial,9,1,5,-1,-
2083,smd,4420,-,-,-,-
2084,axial,1,4,3,0,2
2085,axial,8,6,6,1,2
2086,axial,8,8,4,1,5
2087,axial,2,9,4,3,1
2088,smd,R22,-,-,-,-
2089,axial,5,9,9,-2,1
2090,axial,9,1,5,-1,-
2091,axial,2,6,7,1,2
2092,smd,5230,-,-,-,-
2093,axial,5,1,-1,-1,-
2094,axial,1,5,4,3,3
2095,smd,3091,-,-,-,-
2096,axial,7,5,2,-2,-
2097,axial,1,6,3,-1,-
2098,smd,3R16,-,-,-,-
2099,axial,9,7,7,-2,2
2100,axial,7,3,2,4,2
2101,axial,9,1,1,-1,-
2102,axial,1,9,6,-1,1
2103,axial,3,0,5,-1,-
2104,axial,1,0,4,9,-
2105,axial,3,6,4,-1,-
2106,axial,1,1,5,0,2
2107,axial,8,1,2,2,-1
2108,axial,1,0,7,0,1
2109,axial,1,1,1,-2,1
2110,axial,2,4,5,-1,-
2111,smd,1R21,-,-,-,-
2112,smd,1372,-,-,-,-
2113,axial,6,8,0,0,1
2114,axial,1,3,2,-1,-
2115,smd,625,-,-,-,-
2116,smd,43R2,-,-,-,-
2117,axial,9,7,7,-2,2
2118,axial,8,2,4,9,-
2119,axial,7,5,2,9,-
2120,axial,6,8,0,8,-
2121,axial,2,2,6,3,1
2122,axial,4,7,3,-2,-
2123,smd,16R2,-,-,-,-
2124,axial,1,1,-1,-1,-
2125,smd,914,-,-,-,-
2126,smd,3401,-,-,-,-
2127,axial,2,7,2,-1,-
2128,axial,2,7,5,-2,-
2129,smd,242,-,-,-,-
2130,axial,3,9,3,-1,-
2131,axial,8,8,8,-2,1
2132,axial,1,2,-1,0,-
2133,axial,1,6,4,-1,-
2134,axial,1,8,7,0,1
2135,axial,8,8,7,0,1
2136,axial,1,7,8,3,2
2137,axial,1,2,1,-1,1
2138,axial,2,2,-2,-2,-
2139,axial,4,9,1,1,1
2140,axial,0,3,3,-2,2
2141,axial,1,6,1,-2,-
2142,axial,2,9,9,-2,1
2143,axial,1,5,0,-2,-
2144,axial,3,3,4,-1,-
2145,smd,305,-,-,-,-
2146,axial,3,6,1,-1,-
2147,axial,2,7,3,-1,-
2148,axial,1,1,1,-1,-
2149,smd,17R8,-,-,-,-
2150,axial,7,5,5,-2,-
2151,axial,2,4,9,2,1
2152,axial,1,3,5,9,-
2153,axial,6,4,9,1,1
2154,axial,3,3,-2,-2,-
2155,axial,3,3,4,-1,-
2156,axial,2,2,0,0,1
2157,smd,1421,-,-,-,-
2158,axial,2,4,3,0,1
2159,axial,1,1,1,-2,2
2160,axial,7,6,8,0,1
2161,axial,6,8,0,-1,1
2162,axial,2,2,-2,2,-
2163,axial,5,5,-2,-1,-
2164,axial,1,5,4,-2,-
2165,axial,6,8,2,8,-
2166,smd,3163,-,-,-,-
2167,axial,3,7,4,2,2
2168,axial,2,7,1,-2,-
2169,axial,6,2,1,-1,-
2170,axial,6,3,4,3,1
2171,axial,6,2,2,-2,-
2172,smd,514,-,-,-,-
2173,smd,1913,-,-,-,-
2174,smd,2322,-,-,-,-
2175,axial,3,5,7,3,1
2176,axial,4,2,2,3,2
2177,axial,1,0,1,-1,-
2178,axial,9,0,9,4,2
2179,smd,181,-,-,-,-
2180,axial,8,4,9,7,7
2181,axial,3,3,3,-1,-
2182,axial,5,6,2,1,2
2183,axial,2,4,5,-1,-
2184,smd,153,-,-,-,-
2185,smd,R20,-,-,-,-
2186,smd,1911,-,-,-,-
2187,smd,38R3,-,-,-,-
2188,axial,2,4,3,4,1
2189,axial,6,2,3,8,-
2190,axial,4,4,-2,4,-
2191,smd,620,-,-,-,-
2192,smd,R13,-,-,-,-
2193,axial,1,6,1,-1,-
2194,smd,2R2,-,-,-,-
2195,axial,4,0,2,4,2
2196,axial,1,2,-1,-1,-
2197,axial,5,2,3,4,2
2198,smd,63R4,-,-,-,-
2199,axial,3,6,2,-1,-
2200,smd,564,-,-,-,-
2201,smd,125,-,-,-,-
2202,axial,3,0,9,0,1
2203,axial,9,0,9,0,1
2204,axial,6,6,-2,0,-
2205,axial,3,0,4,-1,-
2206,smd,1R78,-,-,-,-
2207,axial,6,8,4,-1,-
2208,smd,6340,-,-,-,-
2209,axial,4,7,5,-2,-
2210,axial,1,3,3,-2,-
2211,axial,2,2,1,-1,-
2212,axial,1,5,5,-1,-
2213,smd,2100,-,-,-,-
2214,axial,5,6,0,4,2
2215,smd,47R0,-,-,-,-
2216,axial,1,8,8,-2,1
2217,axial,4,7,3,-1,-
2218,axial,5,1,2,-1,-
2219,axial,3,0,1,0,2
2220,axial,2,1,-1,-,-
2221,smd,275,-,-,-,-
2222,axial,2,4,2,-2,-
2223,axial,2,6,6,-2,1
2224,axial,3,0,5,8,-
2225,axial,3,0,0,0,1
2226,smd,4913,-,-,-,-
2227,axial,2,4,2,-1,-
2228,axial,1,8,1,0,3
2229,axial,2,4,0,1,1
2230,axial,6,2,1,-1,-
2231,axial,2,9,0,8,-
2232,axial,2,4,0,-1,-
2233,axial,5,6,-1,-1,-
2234,axial,1,8,0,2,2
2235,axial,2,8,0,0,2
2236,axial,1,5,1,-1,-
2237,axial,6,2,-1,-2,-
2238,axial,1,3,-1,-1,-
2239,axial,4,7,2,-1,-
2240,axial,2,5,5,2,2
2241,axial,8,9,4,7,2
2242,axial,8,2,-1,9,-
2243,axial,6,8,-1,1,-
2244,axial,4,7,5,-2,-
2245,axial,4,3,2,-1,-
2246,smd,R51,-,-,-,-
2247,axial,9,1,2,3,-2
2248,axial,1,9,7,7,-2
2249,axial,6,8,1,4,1
2250,smd,4423,-,-,-,-
2251,axial,8,2,0,3,-2
2252,smd,132,-,-,-,-
2253,axial,6,2,1,-2,-
2254,smd,2R37,-,-,-,-
2255,axial,2,0,3,-1,-
2256,axial,5,7,6,4,1
2257,axial,1,1,1,-2,2
2258,axial,8,0,6,0,2
2259,axial,8,2,3,-1,-
2260,axial,2,9,4,1,2
2261,axial,3,3,9,-1,-
2262,axial,2,4,1,1,5
2263,axial,1,2,7,3,2
2264,axial,6,9,8,-1,2
2265,smd,302,-,-,-,-
2266,axial,0,2,1,-,-
2267,axial,3,3,-2,-1,-
2268,axial,5,1,2,1,-
2269,axial,9,1,-1,-2,-
2270,axial,6,8,1,3,2
2271,smd,1870,-,-,-,-
2272,axial,3,2,4,2,1
2273,smd,2R70,-,-,-,-
2274,axial,7,5,-1,-1,-
2275,axial,4,4,9,-2,9
2276,axial,2,7,1,-1,-
2277,axial,1,0,7,-1,1
2278,smd,150,-,-,-,-
2279,axial,6,6,6,-2,2
2280,axial,2,9,4,1,2
2281,axial,6,6,-2,-2,-
2282,axial,2,2,0,-1,-
2283,axial,2,2,4,-1,-
2284,axial,5,4,9,4,1
2285,smd,4224,-,-,-,-
2286,axial,8,8,4,2,1
2287,axial,8,1,0,1,8
2288,smd,R22,-,-,-,-
2289,axial,2,6,1,2,2
2290,axial,8,4,4,4,2
2291,smd,3480,-,-,-,-
2292,axial,2,4,1,-1,-
2293,axial,1,3,3,-2,-
2294,axial,1,1,1,-2,1
2295,axial,1,0,7,1,2
2296,axial,2,4,9,-,-
2297,axial,3,6,2,-2,-
2298,axial,7,5,4,4,-2
2299,axial,8,5,6,-1,-1
2300,axial,3,4,4,-2,1
2301,smd,474,-,-,-,-
2302,axial,7,3,3,-2,2
2303,axial,1,1,8,-1,-
2304,axial,5,1,3,-2,-
2305,axial,8,2,0,2,2
2306,smd,512,-,-,-,-
2307,axial,6,2,2,-1,-
2308,axial,2,4,2,-2,-
2309,axial,2,2,5,9,-
2310,axial,9,1,0,4,-
2311,smd,470,-,-,-,-
2312,axial,4,7,2,-1,-
2313,smd,8R66,-,-,-,-
2314,smd,13R7,-,-,-,-
2315,axial,9,1,0,3,2
2316,smd,2704,-,-,-,-
2317,axial,2,2,-1,-2,-
2318,axial,0,2,2,-2,1
2319,axial,2,5,5,-2,1
2320,axial,8,1,1,-2,-1
2321,axial,2,7,0,-2,-
2322,smd,4754,-,-,-,-
2323,axial,3,3,2,3,1
2324,axial,8,2,3,4,-
2325,axial,2,8,7,-1,1
2326,axial,2,1,-1,-,-
2327,axial,2,8,0,2,1
2328,axial,4,0,2,1,2
2329,axial,7,5,1,4,-
2330,smd,7503,-,-,-,-
2331,axial,2,7,0,3,2
2332,axial,9,1,5,-2,-
2333,axial,1,2,-1,-1,-
2334,axial,1,0,1,-2,-
2335,smd,1401,-,-,-,-
2336,axial,1,6,3,-1,-
2337,axial,2,9,4,0,1
2338,axial,3,0,4,-1,-
2339,axial,1,5,2,-2,-
2340,axial,4,7,4,9,0
2341,axial,2,6,1,0,2
2342,axial,3,9,0,1,1
2343,axial,1,6,2,-1,2
2344,axial,4,7,2,-1,-
2345,smd,5623,-,-,-,-
2346,axial,2,4,5,-1,-
2347,axial,3,2,2,-2,2
2348,axial,3,6,1,1,-
2349,axial,3,9,0,4,1
2350,axial,8,1,0,-1,-1
2351,smd,1R21,-,-,-,-
2352,axial,3,3,2,0,1
2353,axial,1,8,2,0,2
2354,axial,8,2,3,-2,-
2355,smd,272,-,-,-,-
2356,axial,4,4,-2,9,-
2357,axial,2,2,-1,-2,-
2358,axial,5,1,1,-2,1
2359,smd,3R60,-,-,-,-
2360,smd,14R3,-,-,-,-
2361,axial,2,2,6,2,2
2362,axial,1,6,3,-1,-
2363,axial,1,9,6,4,2
2364,axial,1,6,0,3,2
2365,axial,1,1,0,8,-
2366,axial,7,5,-1,9,-
2367,axial,9,5,9,-1,2
2368,smd,1802,-,-,-,-
2369,axial,6,2,1,-2,-
2370,axial,2,7,2,-1,-
2371,axial,1,2,7,1,1
2372,axial,1,0,5,-2,-
2373,smd,5621,-,-,-,-
2374,smd,3902,-,-,-,-
2375,axial,1,5,1,-1,-2
2376,smd,1784,-,-,-,-
2377,axial,1,1,-2,-2,-
2378,axial,4,7,7,-2,2
2379,smd,1304,-,-,-,-
2380,axial,2,3,3,-2,2
2381,axial,1,5,3,9,-
2382,axial,4,7,2,-1,-
2383,axial,2,0,5,-1,-
2384,smd,17R8,-,-,-,-
2385,axial,1,2,-1,-2,-
2386,axial,1,5,5,-2,1
2387,axial,1,1,0,3,1
2388,axial,0,0,3,2,-
2389,axial,1,3,0,1,1
2390,axial,2,3,2,1,2
2391,axial,3,9,2,4,2
2392,axial,1,5,2,-1,-
2393,axial,3,3,-2,-1,-
2394,smd,6812,-,-,-,-
2395,axial,4,7,3,-1,-
2396,axial,1,1,8,-1,1
2397,smd,3743,-,-,-,-
2398,axial,1,0,0,4,1
2399,axial,5,0,4,-,-
2400,axial,8,2,4,-2,-
2401,axial,3,6,2,-1,-
2402,axial,2,2,6,1,1
2403,smd,8R20,-,-,-,-
2404,axial,5,1,1,-2,1
2405,axial,7,7,-2,-2,-
2406,smd,3304,-,-,-,-
2407,axial,3,4,8,3,1
2408,axial,2,7,4,-1,1
2409,axial,6,8,3,8,-
2410,axial,1,6,0,1,1
2411,smd,8874,-,-,-,-
2412,smd,1R1,-,-,-,-
2413,axial,3,3,2,3,2
2414,axial,1,2,4,4,2
2415,axial,1,1,-2,-1,-
2416,axial,4,7,-1,-1,-
2417,axial,8,2,2,5,-2
2418,axial,1,8,-1,9,-
2419,axial,4,3,2,3,2
2420,axial,9,3,1,3,2
2421,axial,2,2,6,4,2
2422,axial,3,9,-1,9,-
2423,axial,4,3,-1,-1,-
2424,axial,2,4,1,9,-
2425,smd,4874,-,-,-,-
2426,smd,8064,-,-,-,-
2427,smd,275,-,-,-,-
2428,axial,1,1,-2,-2,-
2429,axial,3,9,4,-1,-
2430,axial,3,9,1,-1,-
2431,axial,8,4,5,0,1
2432,axial,2,2,1,4,1
2433,axial,4,3,5,9,-
2434,axial,2,2,-2,-1,-
2435,smd,1023,-,-,-,-
2436,axial,3,9,0,-1,1
2437,axial,4,1,1,-2,2
2438,axial,5,6,0,-1,-
2439,smd,1R24,-,-,-,-
2440,axial,3,3,-2,-1,-
2441,smd,824,-,-,-,-
2442,axial,3,2,4,2,2
2443,axial,6,4,4,-2,2
2444,smd,R16,-,-,-,-
2445,axial,9,5,9,-1,1
2446,axial,4,7,1,-1,-
2447,axial,8,1,1,9,-
2448,smd,1424,-,-,-,-
2449,axial,5,3,6,4,1
2450,axial,1,1,-1,-1,-
2451,axial,8,6,6,-2,1
2452,axial,1,6,3,-1,-
2453,axial,1,6,2,-2,-
2454,axial,6,8,4,-2,0
2455,axial,4,0,2,0,2
2456,axial,2,3,7,3,2
2457,axial,2,7,-1,-1,-
2458,axial,1,0,1,1,-
2459,axial,5,7,6,4,1
2460,axial,0,6,2,4,-1
2461,axial,9,1,5,-2,-2
2462,axial,6,2,4,-2,-
2463,smd,1600,-,-,-,-
2464,smd,431,-,-,-,-
2465,axial,1,1,5,-1,-
2466,axial,4,7,5,-2,-
2467,smd,1R50,-,-,-,-
2468,axial,5,6,5,-1,8
2469,axial,1,8,-1,-2,-
2470,smd,15R8,-,-,-,-
2471,axial,2,4,2,-2,1
2472,axial,5,3,6,4,2
2473,axial,4,7,2,-2,-
2474,smd,5901,-,-,-,-
2475,smd,2203,-,-,-,-
2476,axial,3,0,-1,-2,-
2477,smd,3R48,-,-,-,-
2478,axial,3,4,8,-1,1
2479,axial,8,2,0,1,1
2480,axial,5,6,1,-2,-
2481,axial,6,4,9,2,2
2482,axial,2,7,0,3,2
2483,axial,2,2,0,0,2
2484,axial,1,2,4,-1,2
2485,axial,4,7,7,-2,-
2486,axial,2,6,7,1,1
2487,axial,3,0,0,3,1
2488,axial,8,2,4,5,9
2489,axial,1,5,4,-1,2
2490,smd,5R1,-,-,-,-
2491,axial,6,8,1,3,1
2492,axial,6,4,4,-2,2
2493,axial,3,3,4,9,-
2494,axial,1,0,4,7,2
2495,axial,3,3,-2,-2,-
2496,axial,0,2,5,0,1
2497,axial,3,6,5,3,1
2498,axial,5,4,9,1,2
2499,axial,8,2,0,-2,-
2500,axial,1,3,5,9,-
2501,axial,8,4,9,1,1
2502,axial,6,2,-1,1,-
2503,axial,5,6,5,-2,-
2504,axial,8,2,3,-1,-
2505,smd,111,-,-,-,-
2506,axial,3,6,0,-1,-
2507,axial,1,2,0,-1,2
2508,axial,3,0,9,2,2
2509,axial,3,3,-2,-2,-
2510,axial,4,1,2,3,2
2511,axial,1,6,2,-1,2
2512,axial,5,6,1,-1,-
2513,axial,0,0,6,-1,1
2514,smd,4122,-,-,-,-
2515,axial,2,7,4,-1,-
2516,axial,1,5,0,0,1
2517,smd,132,-,-,-,-
2518,axial,1,4,0,1,1
2519,axial,7,8,7,1,1
2520,smd,153,-,-,-,-
2521,axial,2,4,9,1,1
2522,axial,2,7,4,-2,-
2523,axial,1,5,2,-1,-
2524,axial,1,2,4,-2,-
2525,smd,28R0,-,-,-,-
2526,axial,1,0,0,0,6
2527,axial,1,1,4,-2,-
2528,axial,7,5,2,-2,-
2529,axial,2,2,5,1,-
2530,smd,590,-,-,-,-
2531,smd,3304,-,-,-,-
2532,smd,105,-,-,-,-
2533,axial,5,1,1,1,2
2534,smd,683,-,-,-,-
2535,smd,682,-,-,-,-
2536,axial,2,7,0,2,2
2537,smd,1624,-,-,-,-
2538,axial,5,6,6,-2,2
2539,axial,1,0,2,-2,-
2540,smd,301,-,-,-,-
2541,axial,6,0,0,1,4
2542,axial,1,5,0,-2,-
2543,axial,1,1,1,8,-
2544,axial,4,7,4,-2,-
2545,smd,333,-,-,-,-
2546,axial,4,4,-2,-1,-
2547,axial,3,3,0,-1,-
2548,axial,9,1,5,-1,-
2549,axial,0,2,2,-2,2
2550,smd,514,-,-,-,-
2551,smd,161,-,-,-,-
2552,axial,4,4,2,0,1
2553,axial,3,0,-1,-2,-
2554,axial,2,0,0,1,2
2555,axial,7,5,0,2,1
2556,axial,8,8,2,0,3
2557,axial,5,1,1,-2,1
2558,axial,2,0,5,-1,-
2559,axial,8,5,6,0,-2
2560,axial,1,3,3,9,3
2561,axial,1,0,5,-1,-
2562,axial,5,6,2,3,2
2563,axial,2,3,3,-2,2
2564,axial,5,9,0,1,1
2565,axial,1,6,5,-2,-
2566,axial,4,9,1,1,1
2567,axial,1,3,3,4,2
2568,axial,1,9,6,2,1
2569,axial,1,0,7,4,1
2570,axial,8,1,2,5,0
2571,axial,3,9,3,-2,-
2572,axial,1,6,9,-1,2
2573,smd,564,-,-,-,-
2574,smd,4644,-,-,-,-
2575,axial,3,6,0,-1,-
2576,axial,2,4,9,3,1
2577,axial,4,3,2,-1,8
2578,axial,2,2,-2,-1,-
2579,axial,8,1,1,-2,-1
2580,axial,1,2,7,1,2
2581,smd,2804,-,-,-,-
2582,axial,8,8,8,-2,2
2583,axial,7,5,0,3,2
2584,axial,8,1,2,0,-2
2585,axial,1,9,8,9,-
2586,smd,124,-,-,-,-
2587,axial,4,0,2,4,2
2588,axial,1,0,5,4,2
2589,axial,9,1,0,0,-1
2590,axial,1,0,5,2,2
2591,axial,7,6,8,1,1
2592,smd,1213,-,-,-,-
2593,axial,1,2,3,-1,-
2594,axial,0,8,8,-,-
2595,axial,9,7,5,2,4
2596,axial,2,7,1,-1,-
2597,axial,1,7,8,-1,1
2598,axial,1,0,2,-1,2
2599,axial,0,-2,-2,-,-
2600,axial,3,0,2,-1,-
2601,axial,5,1,5,-2,-
2602,axial,7,5,-1,9,-
2603,axial,5,5,-2,-1,-
2604,axial,2,8,0,3,1
2605,axial,5,6,3,1,-
2606,axial,1,8,5,-1,-
2607,axial,1,0,1,-1,-
2608,axial,1,4,3,0,2
2609,axial,1,0,5,1,1
2610,smd,5493,-,-,-,-
2611,axial,2,4,4,-1,-
2612,axial,1,8,4,-1,-
2613,axial,2,8,6,2,2
2614,axial,9,8,2,1,0
2615,axial,2,7,5,-1,-
2616,axial,1,0,0,1,2
2617,smd,R11,-,-,-,-
2618,smd,200,-,-,-,-
2619,axial,3,3,3,-1,-
2620,axial,1,2,4,1,1
2621,axial,4,7,4,-2,-
2622,axial,6,4,9,1,1
2623,axial,2,4,2,8,-
2624,axial,2,3,3,-2,2
2625,axial,7,5,3,-1,-2
2626,axial,1,1,2,-1,-
2627,axial,4,4,4,-2,1
2628,axial,4,2,2,0,1
2629,axial,9,1,0,-1,1
2630,axial,8,2,4,5,-2
2631,axial,2,4,4,4,8
2632,axial,1,8,0,3,2
2633,axial,3,1,1,-2,2
2634,axial,5,6,-1,4,-
2635,smd,100,-,-,-,-
2636,axial,3,4,0,3,2
2637,axial,3,9,2,-1,-
2638,axial,3,3,-1,-1,-
2639,axial,1,2,7,2,2
2640,axial,3,6,-1,1,-
2641,axial,1,6,3,-1,-
2642,axial,5,9,0,4,1
2643,smd,0R21,-,-,-,-
2644,axial,1,1,-2,9,-
2645,axial,8,2,2,0,-1
2646,smd,192,-,-,-,-
2647,axial,1,2,1,1,1
2648,axial,1,0,0,-,-
2649,axial,0,8,0,-,-
2650,axial,2,7,0,1,1
2651,axial,3,5,7,0,2
2652,axial,2,2,1,-2,-
2653,axial,4,7,2,4,-
2654,smd,3004,-,-,-,-
2655,axial,5,6,5,-1,-
2656,axial,5,1,0,1,1
2657,smd,2214,-,-,-,-
2658,axial,6,8,3,-1,-
2659,axial,8,2,2,-2,-2
2660,axial,4,0,2,4,2
2661,axial,1,6,9,3,2
2662,axial,5,6,3,-2,-
2663,axial,8,5,1,5,-1
2664,smd,3830,-,-,-,-
2665,axial,6,0,4,2,2
2666,axial,4,6,4,1,2
2667,smd,8660,-,-,-,-
2668,axial,1,2,4,-1,2
2669,axial,3,6,6,-2,2
2670,axial,3,8,3,3,1
2671,smd,2494,-,-,-,-
2672,axial,1,0,0,-2,2
2673,axial,2,7,0,-1,1
2674,axial,7,6,8,1,2
2675,axial,1,6,0,-1,1
2676,axial,3,9,1,-1,-
2677,axial,5,6,2,1,2
2678,axial,1,5,0,4,2
2679,axial,2,2,0,3,4
2680,smd,6R80,-,-,-,-
2681,axial,2,8,0,-1,2
2682,axial,0,6,8,5,-2
2683,axial,2,3,2,-1,2
2684,axial,3,8,3,1,1
2685,axial,7,5,5,4,-
2686,axial,1,6,6,-2,1
2687,axial,3,3,-2,-1,-
2688,axial,5,1,4,9,-
2689,axial,5,1,4,-2,-
2690,axial,0,2,2,-2,2
2691,axial,1,0,-1,-1,-
2692,smd,432,-,-,-,-
2693,axial,1,3,0,4,2
2694,axial,1,0,1,-,-
2695,axial,9,3,1,3,2
2696,smd,752,-,-,-,-
2697,smd,622,-,-,-,-
2698,axial,4,8,7,2,2
2699,axial,7,3,2,-1,2
2700,axial,2,4,4,-1,-
2701,axial,9,1,5,-1,-
2702,axial,3,4,4,-2,2
2703,axial,1,0,5,-2,-
2704,axial,8,0,6,3,1
2705,axial,2,6,7,-1,1
2706,axial,3,5,5,-2,2
2707,axial,3,9,3,-2,-
2708,axial,2,0,0,4,2
2709,smd,1214,-,-,-,-
2710,smd,120,-,-,-,-
2711,axial,2,4,1,9,-
2712,smd,565,-,-,-,-
2713,axial,8,1,5,5,-1
2714,axial,6,3,4,2,2
2715,axial,6,8,0,-1,-
2716,axial,9,3,1,4,1
2717,axial,2,4,-1,9,-
2718,axial,1,6,6,-2,1
2719,axial,8,9,9,2,2
2720,axial,2,2,0,-2,-
2721,smd,R22,-,-,-,-
2722,axial,2,4,3,-2,-
2723,axial,1,8,1,-2,-
2724,axial,1,4,4,-2,1
2725,axial,1,6,2,1,1
2726,axial,0,5,5,-2,1
2727,smd,8194,-,-,-,-
2728,axial,2,8,7,4,1
2729,axial,2,7,4,-2,-
2730,axial,2,4,2,-2,-
2731,axial,3,0,0,8,8
2732,axial,9,9,-2,-2,-
2733,smd,1244,-,-,-,-
2734,smd,R82,-,-,-,-
2735,axial,1,3,7,0,1
2736,axial,2,9,4,0,1
2737,axial,5,5,9,-1,0
2738,axial,4,7,0,1,1
2739,axial,1,6,0,1,1
2740,smd,1581,-,-,-,-
2741,axial,6,8,1,4,2
2742,axial,1,1,0,-1,2
2743,axial,5,6,1,8,-
2744,smd,3400,-,-,-,-
2745,axial,1,1,6,4,1
2746,axial,3,6,5,0,2
2747,axial,9,1,1,-1,-
2748,axial,5,5,-2,-2,-
2749,axial,5,9,0,3,1
2750,axial,2,4,3,4,1
2751,axial,8,9,9,-2,-2
2752,axial,5,6,0,-1,-
2753,smd,9761,-,-,-,-
2754,smd,824,-,-,-,-
2755,axial,8,4,5,6,3
2756,smd,3R65,-,-,-,-
2757,axial,2,1,5,0,1
2758,smd,4642,-,-,-,-
2759,axial,1,8,2,3,2
2760,axial,2,0,-1,-2,-
2761,axial,2,7,0,-1,-
2762,axial,0,0,8,8,-
2763,axial,8,2,5,4,2
2764,axial,1,5,4,8,8
2765,axial,1,0,1,1,-
2766,smd,4R87,-,-,-,-
2767,axial,5,5,-2,-2,-
2768,axial,1,6,6,-2,2
2769,axial,1,8,0,-1,1
2770,axial,5,6,4,-1,-
2771,smd,3304,-,-,-,-
2772,axial,2,2,0,1,1
2773,smd,114,-,-,-,-
2774,axial,1,7,7,-2,2
2775,axial,8,1,5,1,9
2776,smd,1800,-,-,-,-
2777,axial,9,1,1,-2,1
2778,smd,1650,-,-,-,-
2779,axial,9,1,0,-1,-2
2780,smd,3243,-,-,-,-
2781,smd,7681,-,-,-,-
2782,axial,0,6,0,2,-
2783,axial,1,5,4,2,1
2784,axial,3,9,2,-1,2
2785,axial,9,0,9,4,1
2786,axial,1,2,0,-1,-
2787,smd,71R5,-,-,-,-
2788,axial,2,2,-1,4,-
2789,axial,8,-2,-1,-,-
2790,axial,2,1,0,1,2
2791,axial,7,6,8,-1,2
2792,smd,682,-,-,-,-
2793,axial,1,8,8,-2,2
2794,axial,1,9,0,-1,-
2795,axial,1,1,0,4,1
2796,axial,9,9,-2,-2,-
2797,axial,4,7,0,-1,-
2798,axial,7,0,4,-1,1
2799,axial,1,3,2,-1,-
2800,smd,625,-,-,-,-
2801,smd,1372,-,-,-,-
2802,axial,9,0,9,4,1
2803,smd,914,-,-,-,-
2804,axial,0,1,1,-2,2
2805,smd,361,-,-,-,-
2806,axial,2,4,9,1,1
2807,axial,0,3,3,-2,2
2808,smd,3403,-,-,-,-
2809,smd,151,-,-,-,-
2810,axial,3,6,0,0,1
2811,axial,6,1,9,0,2
2812,axial,5,1,1,-2,-
2813,axial,9,5,9,1,1
2814,smd,122,-,-,-,-
2815,axial,1,2,1,4,1
2816,axial,6,3,4,3,1
2817,axial,1,8,0,2,2
2818,axial,1,3,-2,-2,-
2819,axial,2,0,-1,8,-
2820,axial,3,2,4,4,1
2821,smd,1003,-,-,-,-
2822,axial,3,3,1,-2,-
2823,axial,7,8,4,-1,-
2824,axial,1,6,0,4,1
2825,axial,0,2,2,-2,1
2826,axial,4,0,2,-1,2
2827,axial,1,6,-1,-2,-
2828,axial,2,4,-1,-2,-
2829,axial,3,3,3,-1,-
2830,smd,2942,-,-,-,-
2831,axial,3,6,2,-1,-
2832,axial,9,1,3,-1,-
2833,smd,820,-,-,-,-
2834,axial,5,6,4,8,-
2835,axial,0,5,5,-2,2
2836,axial,8,2,7,-1,-1
2837,axial,8,1,0,5,8
2838,smd,130,-,-,-,-
2839,axial,9,5,9,3,1
2840,axial,4,1,2,4,2
2841,axial,1,8,-2,-,-
2842,smd,4420,-,-,-,-
2843,axial,3,3,-2,-2,-
2844,axial,1,4,7,4,1
2845,smd,512,-,-,-,-
2846,smd,365,-,-,-,-
2847,smd,122,-,-,-,-
2848,smd,4704,-,-,-,-
2849,axial,3,6,-1,-1,-
2850,axial,3,3,-2,-2,-
2851,axial,4,3,2,-1,1
2852,axial,3,3,-2,-2,-
2853,axial,2,8,8,-2,3
2854,smd,R16,-,-,-,-
2855,axial,5,7,6,1,2
2856,smd,R13,-,-,-,-
2857,axial,5,1,1,-1,-
2858,axial,3,9,0,3,2
2859,smd,49R1,-,-,-,-
2860,smd,181,-,-,-,-
2861,axial,2,3,2,2,1
2862,axial,5,7,6,3,2
2863,axial,1,7,3,4,1
2864,axial,1,8,7,1,2
2865,axial,1,0,2,2,1
2866,smd,1R27,-,-,-,-
2867,axial,6,8,1,0,1
2868,axial,7,5,4,9,-
2869,smd,3924,-,-,-,-
2870,smd,153,-,-,-,-
2871,axial,1,7,7,8,1
2872,axial,1,3,3,-1,1
2873,smd,1424,-,-,-,-
2874,axial,9,5,9,4,1
2875,axial,2,7,5,-1,-
2876,axial,5,5,-2,-1,-
2877,axial,1,6,3,8,-
2878,axial,2,2,2,-2,2
2879,axial,2,3,7,3,1
2880,axial,0,5,1,4,-1
2881,axial,2,2,5,4,-
2882,axial,5,6,0,4,2
2883,axial,2,0,5,0,2
2884,smd,305,-,-,-,-
2885,axial,1,0,4,-2,-
2886,axial,3,9,1,-2,-
2887,axial,4,7,0,3,1
2888,axial,1,1,-2,-2,-
2889,axial,2,2,5,-1,-
2890,smd,752,-,-,-,-
2891,smd,2553,-,-,-,-
2892,axial,5,7,6,0,2
2893,axial,1,1,8,2,2
2894,axial,1,8,3,-2,-
2895,axial,3,9,2,-2,-
2896,axial,8,1,1,2,-2
2897,axial,6,8,0,-1,-
2898,axial,2,0,2,-2,-
2899,axial,1,8,1,-1,-
2900,axial,4,7,0,2,1
2901,smd,113,-,-,-,-
2902,axial,1,2,1,4,2
2903,axial,5,6,5,8,-
2904,smd,1181,-,-,-,-
2905,smd,3010,-,-,-,-
2906,axial,5,1,1,1,1
2907,smd,3740,-,-,-,-
2908,axial,4,4,3,1,-
2909,axial,3,5,4,2,2
2910,axial,8,8,7,3,2
2911,axial,2,2,6,-1,1
2912,axial,7,5,3,-1,-
2913,axial,5,1,4,-2,-
2914,smd,66R5,-,-,-,-
2915,axial,4,3,1,8,-
2916,axial,4,7,3,-1,-
2917,axial,1,8,0,2,2
2918,axial,0,8,8,9,1
2919,axial,6,8,0,-1,2
2920,smd,7504,-,-,-,-
2921,axial,9,1,1,3,-2
2922,smd,1102,-,-,-,-
2923,axial,6,6,6,-2,1
2924,axial,2,4,0,-2,-
2925,axial,4,7,5,2,2
2926,axial,1,0,5,1,1
2927,axial,4,4,2,3,1
2928,axial,2,7,2,-2,-
2929,axial,9,8,9,2,-
2930,axial,1,0,5,2,2
2931,axial,1,8,2,4,1
2932,axial,1,2,2,-2,2
2933,axial,8,1,1,-2,-2
2934,axial,7,2,1,1,-
2935,axial,7,4,9,2,2
2936,axial,1,3,4,-1,-
2937,axial,0,8,8,-2,1
2938,smd,682,-,-,-,-
2939,smd,564,-,-,-,-
2940,axial,3,2,4,2,2
2941,smd,5R6,-,-,-,-
2942,axial,4,3,4,8,-
2943,axial,2,8,0,1,1
2944,axial,3,3,-2,-1,-
2945,smd,1050,-,-,-,-
2946,axial,1,9,6,-1,1
2947,smd,2R7,-,-,-,-
2948,axial,1,7,8,0,2
2949,axial,4,5,4,2,-
2950,axial,7,8,7,4,1
2951,axial,6,8,4,-2,-
2952,axial,3,0,9,1,2
2953,axial,1,6,0,3,2
2954,smd,24R0,-,-,-,-
2955,smd,9763,-,-,-,-
2956,axial,2,4,2,9,-
2957,axial,1,7,4,3,1
2958,axial,2,7,4,1,2
2959,axial,1,9,6,2,1
2960,smd,59R0,-,-,-,-
2961,smd,184,-,-,-,-
2962,axial,2,7,3,-1,-
2963,smd,3833,-,-,-,-
2964,axial,4,4,-2,9,-
2965,axial,1,1,5,-2,-
2966,smd,1R40,-,-,-,-
2967,smd,1544,-,-,-,-
2968,axial,1,3,2,-1,-
2969,axial,8,8,2,4,-2
2970,axial,3,3,5,-2,-
2971,smd,513,-,-,-,-
2972,axial,1,5,1,-1,-
2973,axial,4,3,3,-2,2
2974,axial,5,6,0,3,1
2975,smd,364,-,-,-,-
2976,axial,8,0,6,2,2
2977,axial,0,5,5,-2,1
2978,axial,7,6,8,2,2
2979,axial,8,8,7,2,2
2980,axial,1,6,9,3,1
2981,axial,8,8,4,1,5
2982,axial,2,8,7,4,2
2983,axial,1,0,0,-2,2
2984,axial,2,7,5,-2,-
2985,axial,1,4,4,-2,1
2986,smd,305,-,-,-,-
2987,axial,7,5,5,-2,8
2988,axial,3,3,0,2,2
2989,smd,R36,-,-,-,-
2990,smd,822,-,-,-,-
2991,smd,103,-,-,-,-
2992,axial,5,9,0,0,1
2993,axial,1,1,-2,-1,-
2994,axial,8,4,5,-1,2
2995,smd,28R0,-,-,-,-
2996,axial,6,8,5,-1,-
2997,axial,4,7,5,-1,2
2998,axial,1,5,8,0,2
2999,axial,1,5,3,-1,-
3000,axial,0,0,8,2,-
3001,axial,2,2,0,0,1
3002,axial,1,9,6,-1,1
3003,axial,2,4,3,-1,-
3004,axial,1,1,-1,-2,-
3005,axial,5,6,0,0,1
3006,smd,1243,-,-,-,-
3007,axial,2,7,4,3,2
3008,axial,1,1,-2,-1,-
3009,axial,4,3,4,-2,8
3010,axial,4,3,3,8,-
3011,smd,1963,-,-,-,-
3012,axial,4,1,2,3,1
3013,axial,3,7,4,2,1
3014,axial,2,3,2,-1,2
3015,axial,1,2,4,0,1
3016,axial,1,2,7,1,1
3017,axial,6,2,4,-1,-
3018,axial,2,3,7,2,2
3019,axial,1,8,2,0,1
3020,axial,1,3,7,0,1
3021,axial,2,4,3,2,1
3022,axial,3,3,5,-2,-
3023,axial,1,3,7,-2,1
3024,axial,9,5,9,3,2
3025,axial,3,9,0,8,-
3026,smd,R18,-,-,-,-
3027,axial,8,0,8,1,-
3028,axial,3,3,1,-1,-
3029,axial,3,0,4,-1,-
3030,axial,2,3,2,0,2
3031,axial,8,1,3,4,9
3032,axial,1,2,0,2,2
3033,axial,0,4,5,3,1
3034,axial,6,4,9,1,1
3035,axial,1,0,4,-1,-
3036,axial,1,6,4,8,-
3037,axial,1,7,8,1,2
3038,axial,8,2,2,9,-
3039,axial,0,0,7,1,2
3040,axial,3,3,9,9,-
3041,axial,2,0,2,-2,-
3042,axial,1,6,7,9,-
3043,axial,3,1,6,2,1
3044,axial,2,2,-2,-1,-
3045,axial,5,9,0,4,1
3046,axial,1,6,3,-2,-
3047,axial,1,1,-2,4,-
3048,axial,3,7,4,-1,1
3049,axial,1,8,7,2,2
3050,axial,2,2,4,7,1
3051,axial,4,8,7,0,2
3052,axial,8,8,7,-1,1
3053,smd,751,-,-,-,-
3054,axial,6,2,3,-1,-
3055,axial,1,8,3,-1,-
3056,axial,5,1,0,2,1
3057,smd,1302,-,-,-,-
3058,axial,6,8,-1,-1,-
3059,smd,R12,-,-,-,-
3060,axial,2,0,4,-1,-
3061,axial,1,2,7,4,1
3062,axial,9,7,6,3,2
3063,axial,6,8,3,-1,-
3064,axial,1,8,8,-2,2
3065,axial,4,9,1,4,2
3066,axial,5,2,3,2,2
3067,axial,1,0,0,-1,-
3068,axial,2,3,2,3,2
3069,axial,6,8,4,8,-
3070,axial,3,4,7,4,1
3071,axial,1,3,0,1,1
3072,smd,3091,-,-,-,-
3073,smd,1R5,-,-,-,-
3074,axial,1,6,9,2,2
3075,axial,4,6,4,1,2
3076,axial,9,1,1,3,-2
3077,axial,3,3,1,-2,-
3078,axial,8,1,6,5,8
3079,axial,1,2,2,-1,-
3080,axial,7,5,2,-1,-
3081,axial,4,3,0,8,-
3082,smd,185,-,-,-,-
3083,smd,154,-,-,-,-
3084,smd,5234,-,-,-,-
3085,axial,2,2,-1,-2,-
3086,axial,4,8,7,1,1
3087,smd,R75,-,-,-,-
3088,axial,1,1,1,-2,2
3089,axial,1,4,7,4,1
3090,axial,1,6,0,0,1
3091,axial,1,1,-2,-1,-
3092,smd,1211,-,-,-,-
3093,axial,1,1,3,4,2
3094,axial,5,1,2,-1,-
3095,smd,4444,-,-,-,-
3096,axial,1,8,3,0,2
3097,axial,1,6,0,4,1
3098,smd,R91,-,-,-,-
3099,axial,1,2,-1,-1,-
3100,axial,5,4,4,-2,1
3101,axial,1,3,1,-1,-
3102,axial,4,4,-2,-2,-
3103,smd,2041,-,-,-,-
3104,axial,1,8,0,2,2
3105,axial,1,0,2,-1,-
3106,axial,3,9,5,-1,-
3107,axial,1,1,5,-2,-
3108,smd,1R13,-,-,-,-
3109,axial,3,3,1,-2,-
3110,axial,8,0,6,3,1
3111,axial,1,1,5,-1,-
3112,axial,5,1,1,9,2
3113,smd,6653,-,-,-,-
3114,axial,2,0,-1,-2,-
3115,axial,3,8,8,-2,1
3116,axial,7,5,5,-1,-
3117,axial,1,0,-1,8,-
3118,axial,5,6,3,-1,-
3119,axial,5,1,0,1,1
3120,axial,1,6,-1,-1,-
3121,axial,1,0,4,-2,-
3122,axial,2,4,0,2,2
3123,axial,8,4,7,2,-1
3124,smd,684,-,-,-,-
3125,axial,3,0,9,0,1
3126,axial,1,3,4,9,-
3127,smd,820,-,-,-,-
3128,axial,5,6,2,3,1
3129,axial,1,8,3,-2,-
3130,axial,3,5,7,1,2
3131,axial,6,4,9,3,2
3132,axial,6,2,0,1,1
3133,axial,1,6,6,-2,2
3134,smd,6R80,-,-,-,-
3135,axial,8,8,2,-1,-1
3136,axial,5,6,4,8,-
3137,axial,2,2,6,3,2
3138,axial,1,3,3,1,2
3139,axial,1,1,-2,9,-
3140,axial,1,1,-2,-1,-
3141,axial,3,3,-2,-1,-
3142,axial,3,3,-1,-1,-
3143,axial,3,9,2,-2,-
3144,axial,4,7,5,4,2
3145,axial,5,1,4,-2,-
3146,axial,1,0,1,4,1
3147,axial,4,1,4,-1,-
3148,axial,3,3,-2,2,-
3149,axial,2,2,0,-,-
3150,smd,1653,-,-,-,-
3151,axial,8,9,2,1,1
3152,axial,2,4,0,-1,-
3153,smd,3480,-,-,-,-
3154,smd,153,-,-,-,-
3155,axial,1,8,2,-2,-
3156,smd,104,-,-,-,-
3157,axial,2,0,-1,-1,-
3158,axial,1,1,8,1,2
3159,smd,565,-,-,-,-
3160,axial,8,5,9,2,2
3161,smd,93R,-,-,-,-
3162,smd,R82,-,-,-,-
3163,axial,5,1,2,-1,-
3164,axial,2,8,0,-1,1
3165,axial,1,2,-1,-2,-
3166,smd,160,-,-,-,-
3167,smd,4R53,-,-,-,-
3168,axial,2,4,3,1,2
3169,axial,2,0,0,-2,1
3170,smd,7504,-,-,-,-
3171,axial,1,9,2,4,2
3172,axial,2,2,1,4,1
3173,axial,4,6,4,0,2
3174,axial,7,1,1,-2,1
3175,smd,512,-,-,-,-
3176,axial,1,9,-1,-2,-
3177,axial,1,5,8,3,1
3178,axial,7,2,2,-1,-
3179,axial,7,5,5,-2,-
3180,axial,0,1,1,-2,2
3181,axial,1,0,7,2,2
3182,axial,1,8,1,-1,-
3183,axial,6,2,1,-1,-
3184,axial,2,2,4,-1,-
3185,axial,8,4,3,6,3
3186,axial,3,0,3,-1,-2
3187,axial,4,5,5,-2,1
3188,axial,7,5,0,-1,-
3189,axial,2,2,5,-2,0
3190,smd,1R58,-,-,-,-
3191,smd,4224,-,-,-,-
3192,axial,1,3,0,3,1
3193,smd,1651,-,-,-,-
3194,smd,R12,-,-,-,-
3195,axial,2,0,0,0,2
3196,axial,5,1,2,-1,-
3197,axial,4,9,1,4,2
3198,axial,5,1,0,-2,-
3199,axial,1,0,2,4,-
3200,axial,8,8,4,5,7
3201,smd,8063,-,-,-,-
3202,axial,8,2,2,4,-1
3203,axial,8,2,4,4,-1
3204,smd,9103,-,-,-,-
3205,axial,4,7,1,-2,-
3206,axial,3,0,9,0,2
3207,axial,5,1,0,-1,-
3208,smd,43R2,-,-,-,-
3209,smd,333,-,-,-,-
3210,axial,0,7,7,-2,1
3211,smd,1580,-,-,-,-
3212,smd,1541,-,-,-,-
3213,axial,2,2,6,1,1
3214,axial,5,6,4,1,-
3215,axial,1,7,4,3,2
3216,axial,4,0,2,-1,1
3217,axial,8,4,5,1,2
3218,axial,8,3,0,1,-1
3219,axial,1,0,0,-1,2
3220,smd,2261,-,-,-,-
3221,axial,8,2,5,1,2
3222,smd,514,-,-,-,-
3223,axial,1,8,3,1,-
3224,axial,5,6,2,1,2
3225,smd,750,-,-,-,-
3226,axial,1,9,0,-1,-
3227,axial,1,6,4,1,-
3228,axial,1,5,3,-1,-
3229,smd,221,-,-,-,-
3230,smd,4975,-,-,-,-
3231,axial,1,1,3,-1,2
3232,axial,4,2,2,2,2
3233,smd,9R1,-,-,-,-
3234,axial,1,1,-2,-1,-
3235,axial,2,7,4,0,1
3236,axial,1,1,5,-1,-
3237,axial,2,4,-1,-2,-
3238,smd,752,-,-,-,-
3239,axial,1,3,3,4,1
3240,axial,5,1,4,8,-
3241,axial,5,1,2,-2,8
3242,smd,1134,-,-,-,-
3243,smd,2050,-,-,-,-
3244,axial,6,0,4,2,2
3245,smd,470,-,-,-,-
3246,axial,8,5,5,-2,-2
3247,axial,2,7,3,-1,-
3248,axial,8,1,1,4,1
3249,axial,4,2,2,0,1
3250,axial,1,6,9,2,2
3251,axial,2,7,0,-1,2
3252,axial,1,2,0,2,2
3253,smd,431,-,-,-,-
3254,axial,3,4,0,2,2
3255,axial,3,8,3,-1,1
3256,axial,1,8,5,-2,-
3257,axial,2,1,5,-1,1
3258,smd,6650,-,-,-,-
3259,smd,1740,-,-,-,-
3260,smd,2433,-,-,-,-
3261,axial,5,9,9,8,1
3262,axial,9,1,0,1,2
3263,axial,1,2,5,-2,-
3264,axial,2,2,1,-1,-
3265,axial,3,8,3,3,1
3266,axial,2,2,-2,3,-
3267,axial,1,5,8,-1,1
3268,axial,8,2,2,-2,-1
3269,smd,914,-,-,-,-
3270,smd,3572,-,-,-,-
3271,axial,2,2,6,1,2
3272,axial,1,1,-2,9,-
3273,axial,3,3,3,-1,8
3274,smd,2003,-,-,-,-
3275,axial,1,8,7,4,2
3276,axial,3,3,-2,8,-
3277,axial,2,0,-1,-1,-
3278,axial,1,1,0,2,2
3279,smd,4024,-,-,-,-
3280,smd,751,-,-,-,-
3281,axial,2,2,0,-1,-
3282,axial,1,2,1,4,2
3283,smd,54R9,-,-,-,-
3284,axial,3,4,4,-2,1
3285,smd,510,-,-,-,-
3286,axial,8,8,1,3,1
3287,axial,2,0,5,4,8
3288,axial,2,0,0,2,2
3289,axial,1,3,0,0,2
3290,smd,565,-,-,-,-
3291,axial,6,2,5,-1,-
3292,axial,1,6,0,1,-
3293,smd,565,-,-,-,-
3294,smd,434,-,-,-,-
3295,axial,4,3,3,9,1
3296,smd,5104,-,-,-,-
3297,smd,8R25,-,-,-,-
3298,axial,4,7,0,0,2
3299,axial,3,3,2,2,1
3300,axial,2,2,0,0,2
3301,axial,2,0,0,-2,-
3302,smd,625,-,-,-,-
3303,axial,2,4,3,0,1
3304,axial,6,6,-2,8,-
3305,axial,1,1,0,-1,-
3306,axial,1,4,7,-1,1
3307,axial,1,4,9,1,-2
3308,axial,3,6,3,-2,-
3309,smd,3923,-,-,-,-
3310,axial,1,6,4,-1,-
3311,axial,9,7,6,3,2
3312,axial,8,5,6,0,-2
3313,axial,3,9,3,-2,-
3314,axial,1,1,-2,-2,-
3315,axial,8,2,0,1,2
3316,axial,1,8,0,0,1
3317,axial,2,7,4,4,2
3318,axial,7,5,0,-2,-
3319,smd,2943,-,-,-,-
3320,axial,1,5,4,0,1
3321,axial,1,5,4,-1,-
3322,smd,390,-,-,-,-
3323,axial,1,6,2,-1,-
3324,axial,1,2,2,-2,2
3325,axial,7,6,8,1,2
3326,axial,1,1,3,4,2
3327,smd,392,-,-,-,-
3328,axial,3,0,0,-1,-
3329,axial,1,4,7,4,1
3330,smd,624,-,-,-,-
3331,smd,R91,-,-,-,-
3332,axial,6,8,0,3,1
3333,axial,6,8,0,-1,1
3334,smd,272,-,-,-,-
3335,axial,4,3,3,-1,-
3336,axial,1,1,2,-1,-
3337,axial,4,3,4,4,-
3338,smd,R62,-,-,-,-
3339,axial,3,3,5,-1,-
3340,axial,2,2,-2,-1,-
3341,axial,4,4,2,-1,2
3342,axial,3,1,6,4,2
3343,axial,6,2,3,1,-
3344,smd,2263,-,-,-,-
3345,smd,7503,-,-,-,-
3346,axial,2,0,0,-2,2
3347,axial,6,8,0,1,1
3348,smd,6R81,-,-,-,-
3349,axial,1,2,0,-1,2
3350,axial,5,2,3,1,2
3351,axial,2,0,4,4,-
3352,smd,165,-,-,-,-
3353,axial,3,8,3,1,2
3354,axial,8,3,3,3,8
3355,smd,56R2,-,-,-,-
3356,axial,1,8,5,-1,-
3357,axial,3,5,5,-2,2
3358,smd,212,-,-,-,-
3359,axial,9,1,5,8,-
3360,axial,1,9,9,-2,2
3361,smd,8R2,-,-,-,-
3362,smd,R16,-,-,-,-
3363,axial,3,3,-2,-2,-
3364,smd,1504,-,-,-,-
3365,smd,1542,-,-,-,-
3366,axial,1,7,7,-2,2
3367,axial,2,9,4,-1,1
3368,axial,8,2,7,3,-1
3369,smd,221,-,-,-,-
3370,axial,1,2,6,-,-
3371,axial,6,2,4,-2,-
3372,smd,2370,-,-,-,-
3373,axial,1,8,8,-2,1
3374,axial,2,5,5,4,1
3375,axial,1,1,-2,-2,-
3376,smd,5624,-,-,-,-
3377,axial,1,1,1,-2,1
3378,axial,1,3,-1,-2,-
3379,axial,5,1,2,-1,-
3380,axial,5,6,4,-2,-
3381,axial,1,5,4,8,8
3382,smd,100,-,-,-,-
3383,axial,1,2,7,0,2
3384,axial,2,1,0,2,1
3385,axial,2,8,0,4,1
3386,axial,3,0,0,-1,-
3387,axial,3,6,5,-1,-
3388,smd,1R8,-,-,-,-
3389,smd,7R15,-,-,-,-
3390,axial,5,6,3,-2,-
3391,axial,3,3,-2,-1,-
3392,axial,1,4,4,-2,2
3393,axial,1,3,-2,-1,-
3394,smd,5R23,-,-,-,-
3395,axial,9,1,0,0,2
3396,axial,3,6,5,-1,-
3397,axial,4,7,5,2,1
3398,smd,4423,-,-,-,-
3399,axial,9,0,9,3,2
3400,axial,5,1,4,-1,-
3401,smd,3R09,-,-,-,-
3402,axial,5,6,4,-1,-
3403,axial,6,2,3,-1,-
3404,axial,1,4,0,3,2
3405,axial,3,0,5,-2,-
3406,axial,2,7,1,-1,-
3407,axial,6,8,1,-2,-
3408,axial,6,-1,8,-,-
3409,axial,8,1,3,-1,-1
3410,axial,6,4,4,-2,1
3411,axial,2,4,9,4,2
3412,axial,2,6,7,-1,1
3413,axial,7,5,4,9,-
3414,axial,4,3,0,4,2
3415,axial,8,3,3,5,-1
3416,smd,9590,-,-,-,-
3417,axial,1,6,9,2,1
3418,axial,4,5,3,1,1
3419,smd,111,-,-,-,-
3420,axial,2,0,0,3,1
3421,axial,3,7,4,-1,1
3422,axial,1,0,9,-1,2
3423,axial,1,6,5,-2,-
3424,smd,240,-,-,-,-
3425,axial,4,4,-2,-1,-
3426,axial,1,1,-2,8,-
3427,axial,1,1,3,-1,-
3428,axial,5,6,0,-2,-
3429,axial,4,7,-1,8,-
3430,axial,8,1,1,8,-
3431,smd,151,-,-,-,-
3432,axial,2,4,2,8,-
3433,axial,3,0,0,1,1
3434,axial,2,8,7,-1,1
3435,smd,8450,-,-,-,-
3436,axial,6,8,0,1,1
3437,axial,2,4,0,3,2
3438,smd,5R1,-,-,-,-
3439,axial,2,2,4,1,-
3440,axial,5,1,0,-2,-
3441,axial,6,8,1,2,1
3442,axial,1,3,5,8,-
3443,axial,3,6,5,-2,-
3444,axial,6,2,2,4,-
3445,axial,1,2,1,-2,-
3446,axial,2,1,0,0,1
3447,axial,4,9,1,-1,1
3448,axial,7,5,5,-1,-
3449,smd,273,-,-,-,-
3450,axial,8,8,7,-1,1
3451,axial,2,3,7,1,1
3452,axial,1,6,5,3,1
3453,smd,753,-,-,-,-
3454,smd,562,-,-,-,-
3455,axial,4,3,-1,-2,-
3456,smd,620,-,-,-,-
3457,axial,2,2,-2,-1,-
3458,axial,0,2,2,-2,2
3459,axial,9,1,8,2,-1
3460,axial,1,3,0,1,1
3461,axial,8,1,1,8,2
3462,axial,1,1,5,0,2
3463,axial,2,2,2,9,1
3464,axial,9,3,1,-1,1
3465,axial,3,7,4,3,2
3466,axial,1,0,7,1,2
3467,axial,1,8,2,-1,-
3468,axial,4,7,7,-2,1
3469,axial,6,4,9,0,2
3470,axial,8,1,1,-2,9
3471,axial,7,5,2,-2,8
3472,axial,3,0,4,-2,-
3473,axial,7,8,7,2,2
3474,smd,3474,-,-,-,-
3475,axial,1,3,4,-1,-
3476,axial,5,6,0,-2,-
3477,axial,6,6,5,4,2
3478,axial,3,9,1,-2,-
3479,smd,1540,-,-,-,-
3480,axial,6,8,0,3,2
3481,smd,1401,-,-,-,-
3482,axial,6,9,8,-1,2
3483,axial,3,6,5,0,1
3484,axial,2,2,2,-2,2
3485,axial,4,8,8,-2,2
3486,axial,0,3,9,3,-1
3487,axial,2,0,1,-1,-
3488,axial,3,6,0,-1,2
3489,axial,5,6,0,4,2
3490,axial,1,6,4,-1,-
3491,axial,3,3,3,-2,2
3492,axial,2,1,5,-1,2
3493,axial,4,3,0,-2,-
3494,axial,1,2,3,-2,-
3495,smd,394,-,-,-,-
3496,axial,1,0,2,-1,-
3497,axial,1,9,0,4,2
3498,axial,2,4,0,-1,-
3499,axial,1,1,-2,-2,-
3500,axial,3,0,9,0,1
3501,axial,3,1,6,1,1
3502,axial,2,4,-1,-2,-
3503,axial,9,1,3,-1,-
3504,axial,8,2,0,-1,1
3505,axial,1,3,0,-1,1
3506,axial,5,6,1,-2,-
3507,axial,8,7,5,1,-1
3508,smd,7322,-,-,-,-
3509,axial,2,2,6,3,2
3510,axial,1,8,3,-1,-
3511,axial,4,2,2,-1,1
3512,axial,5,7,5,2,3
3513,axial,2,1,5,2,1
3514,smd,,-,-,-,-
3515,smd,201,-,-,-,-
3516,smd,7R50,-,-,-,-
3517,smd,150,-,-,-,-
3518,axial,6,8,1,-2,-
3519,axial,5,2,3,4,2
3520,axial,2,3,2,0,2
3521,axial,8,4,4,-2,-2
3522,axial,5,6,2,2,1
3523,axial,8,1,1,-2,-2
3524,smd,513,-,-,-,-
3525,smd,392,-,-,-,-
3526,axial,2,2,2,9,3
3527,axial,4,7,0,-1,-
3528,axial,9,0,9,4,1
3529,smd,R36,-,-,-,-
3530,axial,8,4,5,0,2
3531,smd,3013,-,-,-,-
3532,axial,1,3,3,0,2
3533,smd,8060,-,-,-,-
3534,smd,3302,-,-,-,-
3535,axial,3,1,6,2,1
3536,axial,1,5,0,2,2
3537,axial,9,1,1,-2,-1
3538,axial,4,1,2,4,1
3539,axial,8,4,8,3,3
3540,smd,3474,-,-,-,-
3541,axial,2,6,1,1,2
3542,axial,3,3,1,-2,-
3543,axial,1,1,8,4,1
3544,axial,6,6,6,-2,1
3545,smd,125,-,-,-,-
3546,axial,1,2,2,-1,-
3547,axial,2,0,3,8,-
3548,axial,8,8,7,3,1
3549,axial,7,3,2,4,2
3550,axial,1,6,9,2,2
3551,axial,1,6,1,8,-
3552,axial,2,7,4,-1,2
3553,axial,1,2,3,-1,-
3554,smd,R56,-,-,-,-
3555,axial,3,1,6,4,1
3556,axial,1,0,4,8,-
3557,axial,3,3,4,-2,-
3558,smd,5234,-,-,-,-
3559,axial,1,2,0,-1,-2
3560,axial,3,8,9,-,-
3561,axial,1,5,8,2,1
3562,smd,R82,-,-,-,-
3563,axial,1,5,4,-2,-
3564,axial,4,4,-2,-2,-
3565,axial,2,4,1,-2,-
3566,axial,1,0,7,-1,1
3567,axial,1,0,7,4,2
3568,axial,1,5,5,-2,-
3569,axial,3,3,5,-1,-
3570,axial,1,2,0,2,2
3571,axial,3,6,5,2,2
3572,axial,1,8,2,0,2
3573,smd,135,-,-,-,-
3574,axial,8,2,2,2,-2
3575,smd,225,-,-,-,-
3576,smd,153,-,-,-,-
3577,axial,8,2,5,1,1
3578,smd,3480,-,-,-,-
3579,axial,2,2,1,0,2
3580,axial,5,3,6,2,2
3581,axial,1,3,0,1,-
3582,axial,1,1,-2,-2,-
3583,axial,1,0,5,-1,-
3584,axial,3,4,7,1,1
3585,axial,4,6,4,-1,1
3586,smd,R16,-,-,-,-
3587,axial,1,1,-2,-1,-
3588,axial,9,1,0,1,2
3589,axial,2,2,5,4,0
3590,smd,51R1,-,-,-,-
3591,axial,7,8,7,2,1
3592,smd,3R16,-,-,-,-
3593,axial,4,0,2,4,1
3594,axial,1,8,4,-2,-
3595,axial,8,1,5,-2,-
3596,axial,1,2,1,0,1
3597,smd,151,-,-,-,-
3598,axial,6,9,8,0,2
3599,axial,2,8,6,2,1
3600,axial,6,6,5,0,1
3601,axial,1,9,1,1,1
3602,axial,1,8,3,-2,-
3603,axial,2,3,7,2,1
3604,smd,4532,-,-,-,-
3605,axial,1,2,1,1,2
3606,axial,3,3,-2,-2,-
3607,axial,2,8,0,3,1
3608,smd,8452,-,-,-,-
3609,axial,1,4,0,1,1
3610,smd,130,-,-,-,-
3611,axial,3,0,0,-1,2
3612,axial,8,2,2,4,-2
3613,axial,8,9,1,0,2
3614,axial,9,5,9,3,2
3615,axial,5,6,4,-1,-
3616,smd,2322,-,-,-,-
3617,axial,2,2,-2,4,-
3618,axial,0,4,4,-2,1
3619,smd,1623,-,-,-,-
3620,smd,R43,-,-,-,-
3621,smd,1022,-,-,-,-
3622,axial,4,1,2,1,2
3623,smd,2R21,-,-,-,-
3624,axial,6,8,2,8,-
3625,smd,362,-,-,-,-
3626,axial,9,3,1,0,1
3627,axial,9,3,1,1,2
3628,smd,164,-,-,-,-
3629,axial,8,6,6,3,2
3630,axial,1,1,-2,8,-
3631,axial,1,6,3,8,-
3632,axial,3,5,7,4,1
3633,axial,2,3,2,3,2
3634,axial,2,-1,-1,-,-
3635,axial,2,4,0,8,-
3636,axial,5,1,5,-1,-
3637,axial,5,3,6,3,1
3638,axial,5,6,2,3,1
3639,axial,2,1,5,1,1
3640,smd,433,-,-,-,-
3641,axial,2,4,9,4,1
3642,smd,115,-,-,-,-
3643,axial,2,2,1,1,2
3644,axial,2,4,2,-2,-
3645,axial,1,1,-2,-2,-
3646,axial,0,8,-2,8,-
3647,axial,9,1,1,-2,-
3648,axial,1,3,0,0,2
3649,axial,1,6,3,9,-
3650,axial,5,6,5,-2,-
3651,axial,1,2,0,1,1
3652,smd,682,-,-,-,-
3653,axial,2,7,7,-2,2
3654,axial,5,1,5,-2,-
3655,axial,1,5,4,2,1
3656,axial,8,1,3,2,-1
3657,axial,6,6,1,2,-
3658,axial,3,0,1,8,8
3659,axial,1,3,2,-2,-
3660,smd,474,-,-,-,-
3661,axial,6,8,4,-2,-
3662,axial,6,8,0,3,2
3663,axial,3,3,9,-1,-
3664,axial,2,3,7,3,1
3665,axial,8,9,9,1,1
3666,axial,3,0,3,-1,-
3667,axial,5,7,5,2,2
3668,axial,2,7,4,2,1
3669,axial,9,1,0,4,1
3670,axial,1,2,5,-2,-
3671,axial,3,6,4,-2,-
3672,axial,1,0,0,-2,-
3673,smd,7150,-,-,-,-
3674,smd,R13,-,-,-,-
3675,axial,9,1,2,-1,-
3676,axial,1,5,0,-1,-
3677,axial,5,4,9,3,3
3678,axial,3,1,6,2,2
3679,axial,1,1,-2,-1,-
3680,axial,2,1,0,0,2
3681,axial,3,6,2,-1,-
3682,axial,9,3,1,3,1
3683,axial,1,8,4,-2,-
3684,axial,1,3,2,0,2
3685,axial,3,9,4,-1,-
3686,axial,1,1,-2,-1,-
3687,axial,2,2,2,-1,-
3688,axial,5,6,0,-2,-
3689,axial,4,0,2,3,2
3690,axial,3,0,5,1,-
3691,axial,1,1,1,1,-
3692,smd,513,-,-,-,-
3693,smd,1R43,-,-,-,-
3694,axial,1,1,2,-1,-
3695,axial,7,3,2,3,2
3696,axial,1,3,1,8,-
3697,axial,5,6,3,-1,-
3698,smd,122,-,-,-,-
3699,axial,2,-1,-1,-,-
3700,smd,R36,-,-,-,-
3701,axial,1,4,3,-1,2
3702,axial,3,4,0,0,1
3703,axial,4,7,1,-2,-
3704,smd,333,-,-,-,-
3705,axial,1,3,4,-1,-
3706,smd,1743,-,-,-,-
3707,axial,1,5,3,-2,-
3708,smd,1823,-,-,-,-
3709,axial,2,4,3,9,-
3710,axial,3,3,2,-1,-
3711,axial,5,4,9,-1,2
3712,axial,6,8,0,-1,-
3713,axial,3,6,5,8,-
3714,axial,3,6,-1,-1,-
3715,axial,3,6,5,4,1
3716,axial,4,7,5,1,1
3717,axial,5,1,4,-1,-
3718,axial,2,7,1,-2,-
3719,axial,4,3,2,1,1
3720,axial,7,5,0,3,2
3721,axial,3,3,4,-1,-
3722,axial,1,3,5,-1,-
3723,axial,4,1,2,2,1
3724,axial,2,4,0,-2,-
3725,axial,3,4,0,4,2
3726,axial,4,3,1,-2,-
3727,axial,8,4,8,1,1
3728,axial,4,3,-1,-2,-
3729,axial,6,6,6,-2,1
3730,smd,4023,-,-,-,-
3731,axial,1,8,2,-1,-
3732,smd,6R19,-,-,-,-
3733,smd,78R7,-,-,-,-
3734,axial,3,3,2,-1,2
3735,axial,1,3,2,9,-
3736,axial,2,9,4,1,2
3737,axial,1,1,8,-,-
3738,axial,2,2,-2,8,-
3739,axial,2,8,7,4,1
3740,smd,161,-,-,-,-
3741,axial,8,2,0,1,1
3742,axial,1,0,0,3,2
3743,axial,7,8,7,4,1
3744,axial,6,2,5,9,-
3745,axial,6,6,-2,-1,-
3746,axial,2,7,2,-1,-
3747,smd,3571,-,-,-,-
3748,axial,8,2,5,0,1
3749,axial,2,2,2,-2,-
3750,smd,201,-,-,-,-
3751,axial,8,2,4,9,9
3752,axial,1,9,0,3,1
3753,axial,1,1,-2,9,-
3754,axial,5,6,3,-2,-
3755,axial,3,3,-1,-2,-
3756,axial,2,2,-2,-2,-
3757,axial,2,1,0,3,1
3758,smd,8252,-,-,-,-
3759,axial,7,7,-2,1,-
3760,axial,2,7,0,2,1
3761,smd,14R0,-,-,-,-
3762,axial,6,4,9,1,2
3763,axial,7,8,7,3,2
3764,axial,7,5,5,-1,-
3765,axial,2,4,1,-2,-
3766,axial,8,0,9,0,2
3767,smd,915,-,-,-,-
3768,axial,4,7,-1,-1,-
3769,smd,90R9,-,-,-,-
3770,axial,1,6,0,0,2
3771,axial,3,9,1,-2,-
3772,axial,8,4,4,8,-2
3773,axial,1,1,4,-1,-
3774,smd,120,-,-,-,-
3775,smd,1473,-,-,-,-
3776,axial,2,4,4,-2,8
3777,axial,1,5,4,4,1
3778,smd,3744,-,-,-,-
3779,axial,8,2,2,2,1
3780,axial,2,0,5,-1,-
3781,axial,1,5,4,-1,-
3782,axial,8,2,-1,-1,-
3783,axial,4,7,5,0,2
3784,axial,4,7,3,-1,-
3785,smd,11R3,-,-,-,-
3786,axial,1,3,0,1,2
3787,axial,1,5,4,-1,-
3788,axial,2,4,2,-2,-
3789,smd,15R8,-,-,-,-
3790,axial,2,4,0,-2,-
3791,axial,1,6,0,-2,-
3792,axial,1,0,2,3,1
3793,smd,1200,-,-,-,-
3794,axial,9,3,1,2,2
3795,axial,1,8,-1,9,-
3796,axial,8,7,5,5,-1
3797,axial,4,3,5,8,-
3798,axial,0,9,2,1,-
3799,smd,102,-,-,-,-
3800,axial,1,2,3,-2,-
3801,smd,201,-,-,-,-
3802,axial,1,1,8,4,2
3803,axial,1,9,4,4,1
3804,axial,3,6,5,1,1
3805,axial,2,4,9,0,1
3806,axial,1,1,1,-2,2
3807,axial,1,4,7,4,1
3808,axial,4,9,1,4,1
3809,axial,1,2,1,-2,-
3810,axial,2,7,4,-2,-
3811,axial,6,3,4,3,1
3812,axial,1,1,-2,-2,-
3813,axial,1,8,0,2,1
3814,axial,8,8,-2,-1,-
3815,smd,1R47,-,-,-,-
3816,smd,124,-,-,-,-
3817,axial,2,2,2,-1,-
3818,smd,681,-,-,-,-
3819,axial,3,3,-2,9,-
3820,axial,1,2,1,9,-
3821,smd,913,-,-,-,-
3822,axial,4,3,1,-,-
3823,axial,1,2,1,-1,1
3824,axial,3,9,5,-1,-
3825,axial,2,7,0,0,1
3826,axial,3,6,2,1,-
3827,axial,5,3,6,3,2
3828,axial,2,4,3,-2,-
3829,axial,3,3,2,3,1
3830,axial,5,1,1,-2,-
3831,smd,2740,-,-,-,-
3832,axial,3,3,2,-2,-
3833,axial,0,5,5,-2,1
3834,axial,1,8,1,4,-
3835,axial,2,2,0,0,2
3836,axial,6,6,6,6,6
3837,axial,2,2,0,-1,-
3838,axial,4,7,5,1,1
3839,axial,2,2,6,-1,1
3840,axial,2,4,0,3,1
3841,axial,1,6,2,1,2
3842,smd,1303,-,-,-,-
3843,smd,3R16,-,-,-,-
3844,axial,1,4,7,2,2
3845,axial,4,1,2,3,1
3846,smd,200,-,-,-,-
3847,axial,4,3,2,-2,-
3848,axial,4,7,4,4,-
3849,axial,2,2,-2,-2,-
3850,smd,4303,-,-,-,-
3851,smd,153,-,-,-,-
3852,axial,6,8,1,4,2
3853,axial,4,7,3,-2,-
3854,axial,2,2,0,-1,-
3855,smd,621,-,-,-,-
3856,axial,6,1,9,4,1
3857,smd,3924,-,-,-,-
3858,axial,1,5,8,0,1
3859,axial,4,8,7,-1,1
3860,axial,6,8,3,-1,-
3861,axial,6,8,-1,1,-
3862,axial,8,2,-1,8,-
3863,axial,7,5,5,-1,-
3864,axial,1,1,8,1,2
3865,axial,1,0,7,-1,2
3866,axial,5,1,2,-1,-
3867,axial,2,7,1,8,-
3868,axial,9,1,5,-2,-
3869,axial,4,1,2,0,1
3870,axial,1,1,0,8,-
3871,axial,3,3,0,1,2
3872,axial,2,4,3,-1,-
3873,axial,1,3,1,-2,-
3874,smd,5R6,-,-,-,-
3875,smd,303,-,-,-,-
3876,axial,6,2,0,2,1
3877,axial,2,9,9,9,2
3878,axial,1,3,1,-1,-
3879,axial,1,3,0,2,1
3880,smd,5491,-,-,-,-
3881,smd,622,-,-,-,-
3882,axial,3,4,7,4,2
3883,axial,1,8,5,-1,-
3884,axial,1,3,3,0,1
3885,smd,220,-,-,-,-
3886,axial,1,3,0,0,1
3887,axial,5,1,3,-2,-
3888,smd,2R43,-,-,-,-
3889,smd,110,-,-,-,-
3890,axial,3,0,4,-2,-
3891,axial,1,8,7,3,1
3892,axial,1,5,4,0,1
3893,axial,3,0,1,4,2
3894,axial,1,3,3,-2,-
3895,smd,R33,-,-,-,-
3896,axial,7,5,0,3,1
3897,axial,7,1,5,3,1
3898,axial,2,7,5,-2,-
3899,axial,6,8,1,4,2
3900,axial,6,6,5,4,2
3901,smd,,-,-,-,-
3902,smd,R18,-,-,-,-
3903,smd,1580,-,-,-,-
3904,axial,6,3,4,-1,1
3905,axial,2,4,9,3,2
3906,axial,4,3,3,-1,-
3907,axial,1,5,0,4,1
3908,axial,1,3,5,-1,-
3909,axial,8,1,5,1,-1
3910,axial,1,1,2,-2,-
3911,axial,5,6,4,-2,-
3912,axial,7,5,2,-1,-
3913,smd,91R0,-,-,-,-
3914,axial,2,4,4,-1,-
3915,axial,7,3,2,3,1
3916,axial,3,4,0,1,1
3917,axial,8,4,5,3,1
3918,axial,8,8,0,3,-
3919,axial,1,6,0,-1,-
3920,axial,8,1,6,3,-1
3921,axial,4,7,5,4,2
3922,axial,5,1,-1,-1,-
3923,axial,1,0,4,-1,-
3924,axial,1,5,0,0,2
3925,axial,2,4,5,8,-
3926,axial,1,0,-1,-1,-
3927,axial,2,4,9,4,2
3928,axial,1,8,8,-2,2
3929,axial,2,-1,-1,-,-
3930,axial,1,1,1,-2,-
3931,smd,683,-,-,-,-
3932,axial,9,0,9,3,1
3933,axial,8,2,-1,-1,-
3934,axial,6,1,9,0,2
3935,smd,330,-,-,-,-
3936,axial,8,1,0,1,-1
3937,axial,3,3,2,0,1
3938,axial,4,9,9,-2,2
3939,axial,2,1,5,1,1
3940,axial,1,2,-1,-,-
3941,axial,1,3,0,-2,-
3942,axial,2,7,7,-2,1
3943,axial,3,9,2,1,2
3944,axial,1,1,0,-,-
3945,axial,4,4,-2,4,-
3946,smd,5234,-,-,-,-
3947,axial,7,5,3,-1,-
3948,axial,3,0,4,-1,-
3949,axial,3,3,-2,1,-
3950,axial,1,0,5,3,2
3951,axial,4,4,2,0,1
3952,smd,8064,-,-,-,-
3953,axial,1,5,8,4,1
3954,axial,1,1,1,4,-
3955,axial,4,3,2,3,2
3956,axial,1,2,0,0,2
3957,smd,160,-,-,-,-
3958,smd,162,-,-,-,-
3959,smd,242,-,-,-,-
3960,axial,1,6,4,-2,-
3961,axial,6,8,3,-1,-
3962,axial,1,5,7,-1,2
3963,axial,3,3,-2,-1,-
3964,axial,8,8,2,-1,-1
3965,axial,1,0,4,-1,-
3966,smd,2R05,-,-,-,-
3967,axial,6,2,5,-1,-
3968,smd,1801,-,-,-,-
3969,smd,3R9,-,-,-,-
3970,axial,2,2,2,-2,2
3971,axial,0,4,4,-2,2
3972,axial,3,3,-1,-1,-
3973,axial,1,2,4,1,1
3974,axial,8,2,4,-2,-
3975,smd,2150,-,-,-,-
3976,axial,3,4,0,3,2
3977,axial,1,1,2,-1,-
3978,axial,1,2,0,-1,-
3979,smd,824,-,-,-,-
3980,axial,0,2,2,-2,1
3981,axial,4,6,6,-2,2
3982,axial,1,7,3,1,1
3983,smd,2R2,-,-,-,-
3984,axial,8,6,6,2,1
3985,axial,6,8,3,-2,-
3986,axial,5,6,5,1,-
3987,axial,8,0,6,0,1
3988,axial,3,9,2,2,1
3989,axial,1,1,-2,-1,-
3990,smd,620,-,-,-,-
3991,axial,3,6,3,-2,-
3992,axial,1,0,1,-1,-
3993,axial,1,5,0,1,2
3994,axial,5,6,-1,-2,-
3995,axial,8,2,1,-2,-
3996,axial,7,5,5,-1,-
3997,axial,5,6,4,-2,-
3998,axial,1,0,5,1,1
3999,axial,3,3,4,-1,-
4000,axial,3,0,1,-1,-
4001,axial,1,1,0,-1,2
4002,axial,8,2,2,1,8
4003,axial,1,3,4,4,-
4004,smd,151,-,-,-,-
4005,axial,2,7,0,1,1
4006,axial,7,3,2,-1,1
4007,axial,1,3,0,3,1
4008,axial,1,2,4,4,-
4009,axial,1,3,1,-1,-
4010,axial,1,5,2,9,-
4011,axial,1,8,2,-2,-
4012,axial,1,5,4,-1,2
4013,axial,2,8,7,0,1
4014,axial,3,1,6,-1,2
4015,axial,1,4,0,2,2
4016,axial,8,9,9,1,1
4017,axial,1,5,4,-1,3
4018,axial,9,0,9,2,2
4019,axial,6,2,0,8,-
4020,smd,3832,-,-,-,-
4021,axial,1,7,4,3,2
4022,axial,9,3,1,-1,2
4023,axial,2,2,1,0,2
4024,axial,1,1,-2,-2,-
4025,axial,9,1,1,3,-1
4026,axial,1,1,3,1,2
4027,smd,R22,-,-,-,-
4028,axial,4,1,2,2,1
4029,axial,8,1,0,3,-2
4030,axial,8,8,4,6,1
4031,axial,6,2,3,-2,-
4032,axial,0,4,4,-2,1
4033,axial,1,8,3,-1,-
4034,smd,472,-,-,-,-
4035,axial,2,4,4,-,-
4036,axial,6,9,8,3,2
4037,axial,1,3,-2,-,-
4038,axial,3,0,1,2,2
4039,axial,1,2,0,1,-
4040,smd,3163,-,-,-,-
4041,axial,1,5,4,9,-
4042,axial,1,0,7,2,1
4043,axial,1,3,0,-1,-
4044,axial,4,3,0,1,-
4045,axial,2,6,7,-1,2
4046,axial,6,2,0,3,2
4047,axial,4,8,7,3,1
4048,axial,1,1,2,-2,-
4049,axial,1,0,4,-2,-
4050,axial,1,3,0,2,1
4051,axial,2,4,2,9,3
4052,axial,7,5,3,-1,-
4053,axial,1,2,-1,-2,-
4054,axial,2,2,-2,-2,-
4055,smd,R47,-,-,-,-
4056,axial,2,0,0,-2,1
4057,axial,3,6,4,-1,-
4058,smd,2050,-,-,-,-
4059,axial,1,1,8,1,1
4060,smd,4R32,-,-,-,-
4061,smd,151,-,-,-,-
4062,smd,2554,-,-,-,-
4063,axial,8,1,5,-1,-
4064,axial,1,1,-2,-1,-
4065,axial,3,3,2,-1,2
4066,smd,3R3,-,-,-,-
4067,smd,625,-,-,-,-
4068,axial,1,5,4,0,2
4069,axial,5,7,6,-1,2
4070,axial,5,9,0,4,2
4071,smd,6043,-,-,-,-
4072,smd,9R10,-,-,-,-
4073,axial,2,2,2,-2,2
4074,axial,6,8,5,-1,-
4075,smd,2940,-,-,-,-
4076,smd,5490,-,-,-,-
4077,smd,4R3,-,-,-,-
4078,axial,6,8,3,-1,-
4079,smd,274,-,-,-,-
4080,axial,4,3,4,9,-
4081,axial,1,0,2,-2,-
4082,axial,3,7,4,1,2
4083,axial,2,5,5,4,2
4084,axial,8,2,2,5,2
4085,axial,1,6,3,1,-
4086,axial,4,2,2,4,2
4087,axial,9,1,1,-2,-2
4088,axial,4,9,1,-1,2
4089,axial,6,9,8,4,2
4090,axial,9,7,6,-1,2
4091,axial,6,2,4,-1,-
4092,axial,3,6,2,-2,-
4093,smd,300,-,-,-,-
4094,axial,8,4,5,0,2
4095,axial,2,0,4,8,-
